Player,Team,Opp,Pos,G,Tgt,Rec,Yds,TD,Score,C %,aDOT,YPR,YPT,YAC,FPTS
David A. Johnson,ARZ,NE,RB,1,6,4,43,0,0,67,4,10.8,7.2,9,8.3
David A. Johnson,ARZ,TB,RB,2,5,3,98,0,0,60,9.8,32.7,19.6,24.3,12.8
Chris D. Johnson,ARZ,TB,RB,2,0,0,0,0,0,-,-,-,-,-,0
David A. Johnson,ARZ,BUF,RB,3,4,3,28,0,0,75,2.5,9.3,7,7,5.8
David A. Johnson,ARZ,LA,RB,4,4,4,41,0,0,100,2,10.3,10.3,8.3,8.1
Chris D. Johnson,ARZ,LA,RB,4,1,0,0,0,0,-,3,-,-,-,0
David A. Johnson,ARZ,SF,RB,5,6,3,28,0,0,50,3.7,9.3,4.7,7.7,5.8
Stepfan Taylor,ARZ,SF,RB,5,0,0,0,0,0,-,-,-,-,-,0
David A. Johnson,ARZ,NYJ,RB,6,5,3,27,0,0,60,2.8,9,5.4,8.3,5.7
Stepfan Taylor,ARZ,NYJ,RB,6,0,0,0,0,0,-,-,-,-,-,0
David A. Johnson,ARZ,SEA,RB,7,11,8,58,0,0,73,5.2,7.3,5.3,5.6,13.8
David A. Johnson,ARZ,CAR,RB,8,9,7,84,0,0,78,0.4,12,9.3,12.6,15.4
Andre Ellington,ARZ,CAR,RB,8,1,1,16,0,0,100,-,16,16,16,2.6
David A. Johnson,ARZ,SF,RB,10,6,5,46,1,1,83,4.2,9.2,7.7,5,15.6
Andre Ellington,ARZ,SF,RB,10,0,0,0,0,0,-,-,-,-,-,0
David A. Johnson,ARZ,MIN,RB,11,10,7,57,1,1,70,4.7,8.1,5.7,4,18.7
Andre Ellington,ARZ,MIN,RB,11,2,1,2,0,0,50,-2,2,1,7,1.2
David A. Johnson,ARZ,ATL,RB,12,10,8,103,1,1,80,3.7,12.9,10.3,9.3,27.3
Andre Ellington,ARZ,ATL,RB,12,5,2,19,0,0,40,5.2,9.5,3.8,1.5,3.9
David A. Johnson,ARZ,WAS,RB,13,11,9,91,1,1,82,5.7,10.1,8.3,7.4,24.1
Andre Ellington,ARZ,WAS,RB,13,1,1,10,0,0,100,10,10,10,-,2
David A. Johnson,ARZ,MIA,RB,14,6,5,41,0,0,83,3,8.2,6.8,6.6,9.1
Kerwynn Williams,ARZ,MIA,RB,14,0,0,0,0,0,-,-,-,-,-,0
David A. Johnson,ARZ,NO,RB,15,5,4,57,0,0,80,6.8,14.3,11.4,6.8,9.7
Kerwynn Williams,ARZ,NO,RB,15,0,0,0,0,0,-,-,-,-,-,0
David A. Johnson,ARZ,SEA,RB,16,5,4,41,0,0,80,7.6,10.3,8.2,6.5,8.1
Kerwynn Williams,ARZ,SEA,RB,16,1,1,6,0,0,100,-1,6,6,7,1.6
Andre Ellington,ARZ,LA,RB,17,2,2,8,0,0,100,-2,4,4,6,2.8
Kerwynn Williams,ARZ,LA,RB,17,1,0,0,0,0,-,2,-,-,-,0
Tevin Coleman,ATL,TB,RB,1,6,5,95,0,0,83,-0.3,19,15.8,20.2,14.5
Devonta Freeman,ATL,TB,RB,1,4,4,20,0,0,100,-1.3,5,5,6.3,6
Patrick DiMarco,ATL,TB,RB,1,1,1,8,0,0,100,3,8,8,5,1.8
Tevin Coleman,ATL,OAK,RB,2,2,2,25,0,0,100,-,12.5,12.5,12.5,4.5
Devonta Freeman,ATL,OAK,RB,2,0,0,0,0,0,-,-,-,-,-,0
Devonta Freeman,ATL,NO,RB,3,5,5,55,1,1,100,2.8,11,11,8.2,16.5
Tevin Coleman,ATL,NO,RB,3,3,3,56,0,0,100,-1.3,18.7,18.7,17,8.6
Tevin Coleman,ATL,CAR,RB,4,4,3,14,0,0,75,1,4.7,3.5,4.3,4.4
Devonta Freeman,ATL,CAR,RB,4,3,2,7,0,0,67,-0.7,3.5,2.3,5.5,2.7
Patrick DiMarco,ATL,CAR,RB,4,2,1,18,0,0,50,1.5,18,9,12,2.8
Tevin Coleman,ATL,DEN,RB,5,5,4,132,1,1,80,10.4,33,26.4,19,26.2
Devonta Freeman,ATL,DEN,RB,5,3,3,35,0,0,100,5,11.7,11.7,6.7,6.5
Patrick DiMarco,ATL,DEN,RB,5,1,1,13,0,0,100,4,13,13,9,2.3
Devonta Freeman,ATL,SEA,RB,6,5,3,10,0,0,60,4,3.3,2,3.7,4
Tevin Coleman,ATL,SEA,RB,6,2,1,7,0,0,50,-0.5,7,3.5,13,1.7
Patrick DiMarco,ATL,SEA,RB,6,1,1,3,0,0,100,2,3,3,1,1.3
Devonta Freeman,ATL,SD,RB,7,6,5,42,0,0,83,3.3,8.4,7,6.2,9.2
Patrick DiMarco,ATL,SD,RB,7,1,1,3,0,0,100,3,3,3,-,1.3
Devonta Freeman,ATL,GB,RB,8,5,4,23,1,1,80,-1.6,5.8,4.6,6.5,12.3
Terron Ward,ATL,GB,RB,8,1,1,11,0,0,100,3,11,11,8,2.1
Devonta Freeman,ATL,TB,RB,9,2,2,28,0,0,100,-,14,14,14,4.8
Patrick DiMarco,ATL,TB,RB,9,1,1,1,1,1,100,2,1,1,-,7.1
Terron Ward,ATL,TB,RB,9,0,0,0,0,0,-,-,-,-,-,0
Devonta Freeman,ATL,PHI,RB,10,3,3,32,0,0,100,0.7,10.7,10.7,10,6.2
Devonta Freeman,ATL,ARZ,RB,12,3,2,17,0,0,67,1,8.5,5.7,10,3.7
Tevin Coleman,ATL,ARZ,RB,12,2,2,4,0,0,100,0.5,2,2,1.5,2.4
Patrick DiMarco,ATL,ARZ,RB,12,1,0,0,0,0,-,3,-,-,-,0
Devonta Freeman,ATL,KC,RB,13,5,4,49,0,0,80,-0.6,12.3,9.8,13.3,8.9
Tevin Coleman,ATL,KC,RB,13,2,0,-2,0,0,-,9,-,-1,-,-0.2
Tevin Coleman,ATL,LA,RB,14,2,2,19,1,1,100,-3,9.5,9.5,12.5,9.9
Devonta Freeman,ATL,LA,RB,14,2,2,12,0,0,100,-3,6,6,9,3.2
Patrick DiMarco,ATL,LA,RB,14,1,0,0,0,0,-,-3,-,-,-,0
Terron Ward,ATL,LA,RB,14,0,0,0,0,0,-,-,-,-,-,0
Tevin Coleman,ATL,SF,RB,15,2,2,8,0,0,100,-3.5,4,4,7.5,2.8
Devonta Freeman,ATL,SF,RB,15,2,2,16,0,0,100,1.5,8,8,6.5,3.6
Terron Ward,ATL,SF,RB,15,0,0,0,0,0,-,-,-,-,-,0
Devonta Freeman,ATL,CAR,RB,16,8,8,35,0,0,100,2.6,4.4,4.4,1.8,11.5
Tevin Coleman,ATL,CAR,RB,16,3,3,45,0,0,100,5,15,15,10,7.5
Patrick DiMarco,ATL,CAR,RB,16,1,1,6,0,0,100,2,6,6,4,1.6
Devonta Freeman,ATL,NO,RB,17,5,5,81,0,0,100,-0.4,16.2,16.2,16.6,13.1
Tevin Coleman,ATL,NO,RB,17,3,3,15,1,1,100,0.3,5,5,4.7,10.5
Kyle Juszczyk,BLT,BUF,RB,1,3,2,21,0,0,67,3.7,10.5,7,6,4.1
Justin Forsett,BLT,BUF,RB,1,2,2,15,0,0,100,-1,7.5,7.5,8.5,3.5
Terrance West,BLT,BUF,RB,1,2,2,6,0,0,100,1,3,3,2,2.6
Justin Forsett,BLT,CLV,RB,2,4,3,9,0,0,75,0.3,3,2.3,2,3.9
Terrance West,BLT,CLV,RB,2,2,1,15,0,0,50,1.5,15,7.5,14,2.5
Kyle Juszczyk,BLT,CLV,RB,2,1,1,8,0,0,100,3,8,8,5,1.8
Justin Forsett,BLT,JAX,RB,3,7,6,12,0,0,86,0.3,2,1.7,2,7.2
Kyle Juszczyk,BLT,JAX,RB,3,1,1,2,0,0,100,2,2,2,-,1.2
Kyle Juszczyk,BLT,OAK,RB,4,7,6,56,0,0,86,0.1,9.3,8,9.5,11.6
Javorius Allen,BLT,OAK,RB,4,2,2,15,0,0,100,-2,7.5,7.5,9.5,3.5
Terrance West,BLT,OAK,RB,4,0,0,0,0,0,-,-,-,-,-,0
Kyle Juszczyk,BLT,WAS,RB,5,5,3,20,0,0,60,3.4,6.7,4,2.7,5
Terrance West,BLT,WAS,RB,5,3,2,-6,0,0,67,5.3,-3,-2,2.5,1.4
Terrance West,BLT,NYG,RB,6,5,4,36,0,0,80,-2.2,9,7.2,11.8,7.6
Kyle Juszczyk,BLT,NYG,RB,6,5,4,25,0,0,80,0.6,6.3,5,6.3,6.5
Lorenzo Taliaferro,BLT,NYJ,RB,7,3,3,10,0,0,100,-1,3.3,3.3,4.3,4
Kyle Juszczyk,BLT,NYJ,RB,7,1,1,2,0,0,100,2,2,2,-,1.2
Terrance West,BLT,PIT,RB,9,3,1,6,0,0,33,3,6,2,5,1.6
Kenneth Dixon,BLT,PIT,RB,9,2,2,0,0,0,100,-0.5,-,-,0.5,2
Kyle Juszczyk,BLT,PIT,RB,9,0,0,0,0,0,-,-,-,-,-,0
Kenneth Dixon,BLT,CLV,RB,10,7,5,42,0,0,71,4.6,8.4,6,6.2,9.2
Kyle Juszczyk,BLT,CLV,RB,10,2,2,4,0,0,100,1.5,2,2,0.5,2.4
Terrance West,BLT,CLV,RB,10,1,1,12,0,0,100,1,12,12,11,2.2
Javorius Allen,BLT,CLV,RB,10,0,0,0,0,0,-,-,-,-,-,0
Kyle Juszczyk,BLT,DAL,RB,11,3,3,32,0,0,100,1,10.7,10.7,9.7,6.2
Terrance West,BLT,DAL,RB,11,2,1,11,0,0,50,1,11,5.5,14,2.1
Kenneth Dixon,BLT,DAL,RB,11,1,0,0,0,0,-,-4,-,-,-,0
Kenneth Dixon,BLT,CIN,RB,12,4,4,31,0,0,100,-3,7.8,7.8,10.8,7.1
Terrance West,BLT,CIN,RB,12,3,3,16,0,0,100,-0.7,5.3,5.3,6,4.6
Kyle Juszczyk,BLT,CIN,RB,12,3,3,18,0,0,100,-1,6,6,7,4.8
Kenneth Dixon,BLT,MIA,RB,13,4,4,21,0,0,100,-,5.3,5.3,5.3,6.1
Terrance West,BLT,MIA,RB,13,3,3,18,1,1,100,-,6,6,6,10.8
Kyle Juszczyk,BLT,MIA,RB,13,1,1,6,0,0,100,1,6,6,5,1.6
Kenneth Dixon,BLT,NE,RB,14,11,8,42,1,1,73,-0.6,5.3,3.8,7,18.2
Kyle Juszczyk,BLT,NE,RB,14,3,3,46,0,0,100,0.3,15.3,15.3,15,7.6
Terrance West,BLT,PHI,RB,15,4,4,45,0,0,100,1.8,11.3,11.3,9.5,8.5
Kyle Juszczyk,BLT,PHI,RB,15,3,3,15,0,0,100,0.7,5,5,4.3,4.5
Terrance West,BLT,PIT,RB,16,3,3,28,0,0,100,-1,9.3,9.3,10.3,5.8
Kenneth Dixon,BLT,PIT,RB,16,3,1,1,0,0,33,-0.3,1,0.3,2,1.1
Kyle Juszczyk,BLT,PIT,RB,16,2,2,10,0,0,100,3.5,5,5,1.5,3
Kenneth Dixon,BLT,CIN,RB,17,4,3,19,0,0,75,-1.8,6.3,4.8,8,4.9
Terrance West,BLT,CIN,RB,17,4,4,17,0,0,100,-1,4.3,4.3,5.3,5.7
Kyle Juszczyk,BLT,CIN,RB,17,2,2,1,0,0,100,0.5,0.5,0.5,-,2.1
LeSean McCoy,BUF,BLT,RB,1,4,4,12,0,0,100,-2,3,3,5,5.2
LeSean McCoy,BUF,NYJ,RB,2,5,4,31,0,0,80,1.6,7.8,6.2,6.3,7.1
Mike Gillislee,BUF,NYJ,RB,2,1,1,18,1,1,100,6,18,18,12,8.8
LeSean McCoy,BUF,ARZ,RB,3,3,3,6,0,0,100,-1.3,2,2,3.3,3.6
Mike Gillislee,BUF,ARZ,RB,3,0,0,0,0,0,-,-,-,-,-,0
LeSean McCoy,BUF,NE,RB,4,6,6,38,1,1,100,0.2,6.3,6.3,6.2,15.8
Mike Gillislee,BUF,NE,RB,4,2,1,13,0,0,50,3,13,6.5,6,2.3
Jerome Felton,BUF,NE,RB,4,1,1,5,0,0,100,3,5,5,2,1.5
LeSean McCoy,BUF,LA,RB,5,2,2,8,0,0,100,-1.5,4,4,5.5,2.8
Mike Gillislee,BUF,LA,RB,5,0,0,0,0,0,-,-,-,-,-,0
Jerome Felton,BUF,LA,RB,5,0,0,0,0,0,-,-,-,-,-,0
LeSean McCoy,BUF,SF,RB,6,2,1,2,0,0,50,3,2,1,-,1.2
Jerome Felton,BUF,SF,RB,6,1,0,0,0,0,-,-1,-,-,-,0
Mike Gillislee,BUF,SF,RB,6,0,0,0,0,0,-,-,-,-,-,0
Reggie Bush,BUF,MIA,RB,7,2,1,13,0,0,50,20.5,13,6.5,-,2.3
LeSean McCoy,BUF,MIA,RB,7,0,0,0,0,0,-,-,-,-,-,0
Mike Gillislee,BUF,MIA,RB,7,0,0,0,0,0,-,-,-,-,-,0
Reggie Bush,BUF,NE,RB,8,3,2,34,0,0,67,10.3,17,11.3,5,5.4
Jerome Felton,BUF,NE,RB,8,3,2,26,0,0,67,5,13,8.7,8.5,4.6
Mike Gillislee,BUF,NE,RB,8,3,3,9,0,0,100,-,3,3,3,3.9
Jonathan Williams,BUF,NE,RB,8,0,0,0,0,0,-,-,-,-,-,0
LeSean McCoy,BUF,SEA,RB,9,5,4,35,0,0,80,-1.2,8.8,7,11.5,7.5
Mike Gillislee,BUF,SEA,RB,9,2,2,4,0,0,100,-3.5,2,2,5.5,2.4
Reggie Bush,BUF,SEA,RB,9,2,2,22,0,0,100,0.5,11,11,10.5,4.2
Jerome Felton,BUF,SEA,RB,9,1,0,0,0,0,-,4,-,-,-,0
LeSean McCoy,BUF,CIN,RB,11,2,2,12,0,0,100,3.5,6,6,2.5,3.2
Mike Gillislee,BUF,CIN,RB,11,1,0,0,0,0,-,2,-,-,-,0
Jerome Felton,BUF,CIN,RB,11,0,0,0,0,0,-,-,-,-,-,0
LeSean McCoy,BUF,JAX,RB,12,2,2,31,0,0,100,1.5,15.5,15.5,14,5.1
Jonathan Williams,BUF,JAX,RB,12,1,0,0,0,0,-,3,-,-,-,0
LeSean McCoy,BUF,OAK,RB,13,7,7,61,0,0,100,-2,8.7,8.7,10.7,13.1
Mike Gillislee,BUF,OAK,RB,13,0,0,0,0,0,-,-,-,-,-,0
Jerome Felton,BUF,OAK,RB,13,0,0,0,0,0,-,-,-,-,-,0
LeSean McCoy,BUF,PIT,RB,14,6,6,81,0,0,100,1,13.5,13.5,12.5,14.1
LeSean McCoy,BUF,CLV,RB,15,3,3,16,0,0,100,-4.7,5.3,5.3,10,4.6
Jerome Felton,BUF,CLV,RB,15,1,1,12,0,0,100,10,12,12,2,2.2
Mike Gillislee,BUF,CLV,RB,15,0,0,0,0,0,-,-,-,-,-,0
LeSean McCoy,BUF,MIA,RB,16,6,5,13,0,0,83,-2.5,2.6,2.2,6,6.3
Jerome Felton,BUF,MIA,RB,16,2,2,14,0,0,100,-1,7,7,8,3.4
Mike Gillislee,BUF,MIA,RB,16,0,0,0,0,0,-,-,-,-,-,0
Mike Gillislee,BUF,NYJ,RB,17,1,1,7,0,0,100,3,7,7,7,1.7
Jonathan Williams,BUF,NYJ,RB,17,0,0,0,0,0,-,-,-,-,-,0
Jerome Felton,BUF,NYJ,RB,17,0,0,0,0,0,-,-,-,-,-,0
Mike Tolbert,CAR,DEN,RB,1,1,1,1,0,0,100,-2,1,1,3,1.1
Fozzy Whittaker,CAR,DEN,RB,1,1,1,4,0,0,100,2,4,4,2,1.4
Jonathan C. Stewart,CAR,DEN,RB,1,0,0,0,0,0,-,-,-,-,-,0
Fozzy Whittaker,CAR,SF,RB,2,4,3,31,0,0,75,0.8,10.3,7.8,10,6.1
Mike Tolbert,CAR,SF,RB,2,1,0,0,0,0,-,-,-,-,-,0
Fozzy Whittaker,CAR,MIN,RB,3,5,5,34,0,0,100,-1.6,6.8,6.8,8.4,8.4
Mike Tolbert,CAR,MIN,RB,3,3,2,14,0,0,67,-1.7,7,4.7,9.5,3.4
Cameron Artis-Payne,CAR,MIN,RB,3,1,1,11,0,0,100,-4,11,11,15,2.1
Fozzy Whittaker,CAR,ATL,RB,4,9,9,86,0,0,100,-0.2,9.6,9.6,9.8,17.6
Mike Tolbert,CAR,ATL,RB,4,1,1,-2,0,0,100,-5,-2,-2,3,0.8
Cameron Artis-Payne,CAR,ATL,RB,4,0,0,0,0,0,-,-,-,-,-,0
Fozzy Whittaker,CAR,TB,RB,5,1,1,9,0,0,100,-3,9,9,12,1.9
Cameron Artis-Payne,CAR,TB,RB,5,0,0,0,0,0,-,-,-,-,-,0
Mike Tolbert,CAR,TB,RB,5,0,0,0,0,0,-,-,-,-,-,0
Fozzy Whittaker,CAR,NO,RB,6,2,1,4,0,0,50,-3,4,2,10,1.4
Jonathan C. Stewart,CAR,NO,RB,6,1,0,0,0,0,-,3,-,-,-,0
Mike Tolbert,CAR,NO,RB,6,0,0,0,0,0,-,-,-,-,-,0
Jonathan C. Stewart,CAR,ARZ,RB,8,2,1,25,0,0,50,5.5,25,12.5,25,3.5
Fozzy Whittaker,CAR,ARZ,RB,8,2,1,9,0,0,50,6,9,4.5,3,1.9
Mike Tolbert,CAR,ARZ,RB,8,0,0,0,0,0,-,-,-,-,-,0
Fozzy Whittaker,CAR,LA,RB,9,1,1,1,0,0,100,-5,1,1,6,1.1
Mike Tolbert,CAR,LA,RB,9,0,0,0,0,0,-,-,-,-,-,0
Jonathan C. Stewart,CAR,LA,RB,9,0,0,0,0,0,-,-,-,-,-,0
Fozzy Whittaker,CAR,KC,RB,10,1,1,9,0,0,100,-1,9,9,10,1.9
Jonathan C. Stewart,CAR,KC,RB,10,0,0,0,0,0,-,-,-,-,-,0
Mike Tolbert,CAR,KC,RB,10,0,0,0,0,0,-,-,-,-,-,0
Jonathan C. Stewart,CAR,NO,RB,11,4,1,8,0,0,25,-3.5,8,2,14,1.8
Mike Tolbert,CAR,NO,RB,11,2,1,17,0,0,50,3.5,17,8.5,13,2.7
Fozzy Whittaker,CAR,NO,RB,11,0,0,0,0,0,-,-,-,-,-,0
Fozzy Whittaker,CAR,OAK,RB,12,2,0,0,0,0,-,-3.5,-,-,-,0
Mike Tolbert,CAR,OAK,RB,12,2,2,14,0,0,100,0.5,7,7,6.5,3.4
Jonathan C. Stewart,CAR,OAK,RB,12,0,0,0,0,0,-,-,-,-,-,0
Jonathan C. Stewart,CAR,SEA,RB,13,1,1,3,0,0,100,3,3,3,-,1.3
Mike Tolbert,CAR,SEA,RB,13,1,0,0,0,0,-,1,-,-,-,0
Fozzy Whittaker,CAR,SEA,RB,13,0,0,0,0,0,-,-,-,-,-,0
Jonathan C. Stewart,CAR,SD,RB,14,1,0,0,0,0,-,2,-,-,-,0
Fozzy Whittaker,CAR,SD,RB,14,1,0,0,0,0,-,22,-,-,-,0
Mike Tolbert,CAR,WAS,RB,15,3,3,28,1,1,100,-2,9.3,9.3,11.3,11.8
Jonathan C. Stewart,CAR,WAS,RB,15,2,1,8,0,0,50,-2,8,4,13,1.8
Fozzy Whittaker,CAR,WAS,RB,15,1,1,25,0,0,100,4,25,25,21,3.5
Jonathan C. Stewart,CAR,ATL,RB,16,2,1,2,0,0,50,1.5,2,1,-,1.2
Fozzy Whittaker,CAR,ATL,RB,16,1,1,14,0,0,100,2,14,14,12,2.4
Mike Tolbert,CAR,ATL,RB,16,0,0,0,0,0,-,-,-,-,-,0
Jonathan C. Stewart,CAR,TB,RB,17,1,1,7,0,0,100,-5,7,7,12,1.7
Mike Tolbert,CAR,TB,RB,17,1,0,0,0,0,-,5,-,-,-,0
Fozzy Whittaker,CAR,TB,RB,17,0,0,0,0,0,-,-,-,-,-,0
Jeremy Langford,CHI,HST,RB,1,2,2,6,0,0,100,-,3,3,3,2.6
Ka'Deem Carey,CHI,HST,RB,1,0,0,0,0,0,-,-,-,-,-,0
Jeremy Langford,CHI,PHI,RB,2,2,1,6,0,0,50,-0.5,6,3,10,1.6
Jordan Howard,CHI,DAL,RB,3,5,4,47,0,0,80,-0.4,11.8,9.4,11.5,8.7
Jordan Howard,CHI,DET,RB,4,4,3,21,0,0,75,-1.5,7,5.3,7.7,5.1
Jordan Howard,CHI,IND,RB,5,3,3,45,1,1,100,-,15,15,15,13.5
Jordan Howard,CHI,JAX,RB,6,4,2,6,0,0,50,2.3,3,1.5,3,2.6
Ka'Deem Carey,CHI,JAX,RB,6,1,0,0,0,0,-,2,-,-,-,0
Jordan Howard,CHI,GB,RB,7,1,0,0,0,0,-,8,-,-,-,0
Ka'Deem Carey,CHI,GB,RB,7,1,1,9,0,0,100,-5,9,9,14,1.9
Jordan Howard,CHI,MIN,RB,8,4,4,49,0,0,100,-0.5,12.3,12.3,12.8,8.9
Jeremy Langford,CHI,TB,RB,10,5,4,10,0,0,80,-0.4,2.5,2,2.5,5
Ka'Deem Carey,CHI,TB,RB,10,1,1,16,0,0,100,2,16,16,14,2.6
Jordan Howard,CHI,TB,RB,10,0,0,0,0,0,-,-,-,-,-,0
Jordan Howard,CHI,NYG,RB,11,6,1,22,0,0,17,3.2,22,3.7,25,3.2
Jeremy Langford,CHI,NYG,RB,11,3,3,30,0,0,100,2.3,10,10,7.7,6
Jordan Howard,CHI,TEN,RB,12,5,3,43,0,0,60,-2.8,14.3,8.6,18,7.3
Jeremy Langford,CHI,TEN,RB,12,2,0,0,0,0,-,6,-,-,-,0
Jordan Howard,CHI,SF,RB,13,1,0,0,0,0,-,3,-,-,-,0
Ka'Deem Carey,CHI,SF,RB,13,1,0,0,0,0,-,-3,-,-,-,0
Jordan Howard,CHI,DET,RB,14,5,2,24,0,0,40,1.6,12,4.8,15.5,4.4
Jeremy Langford,CHI,DET,RB,14,1,1,1,0,0,100,-,1,1,1,1.1
Jordan Howard,CHI,GB,RB,15,4,4,23,0,0,100,-0.3,5.8,5.8,6,6.3
Jordan Howard,CHI,WAS,RB,16,2,1,9,0,0,50,2.5,9,4.5,8,1.9
Jeremy Langford,CHI,WAS,RB,16,1,1,4,0,0,100,4,4,4,-,1.4
Jeremy Langford,CHI,MIN,RB,17,3,3,41,0,0,100,-2,13.7,13.7,15.7,7.1
Jordan Howard,CHI,MIN,RB,17,0,0,0,0,0,-,-,-,-,-,0
Giovani Bernard,CIN,NYJ,RB,1,4,2,5,0,0,50,0.3,2.5,1.3,2,2.5
Jeremy Hill,CIN,NYJ,RB,1,0,0,0,0,0,-,-,-,-,-,0
Giovani Bernard,CIN,PIT,RB,2,10,9,100,1,1,90,0.4,11.1,10,10.9,28
Jeremy Hill,CIN,PIT,RB,2,4,3,37,0,0,75,-1.8,12.3,9.3,13.3,6.7
Giovani Bernard,CIN,DEN,RB,3,5,5,36,0,0,100,0.8,7.2,7.2,6.4,8.6
Jeremy Hill,CIN,DEN,RB,3,0,0,0,0,0,-,-,-,-,-,0
Giovani Bernard,CIN,MIA,RB,4,3,3,24,0,0,100,0.7,8,8,7.3,5.4
Jeremy Hill,CIN,MIA,RB,4,1,0,0,0,0,-,-3,-,-,-,0
Giovani Bernard,CIN,DAL,RB,5,6,6,46,0,0,100,2.5,7.7,7.7,5.2,10.6
Giovani Bernard,CIN,NE,RB,6,5,4,45,0,0,80,6.6,11.3,9,4.8,8.5
Jeremy Hill,CIN,NE,RB,6,1,1,3,0,0,100,-,3,3,3,1.3
Rex Burkhead,CIN,NE,RB,6,0,0,0,0,0,-,-,-,-,-,0
Jeremy Hill,CIN,CLV,RB,7,2,2,24,0,0,100,1.5,12,12,10.5,4.4
Giovani Bernard,CIN,CLV,RB,7,2,1,7,0,0,50,3.5,7,3.5,3,1.7
Rex Burkhead,CIN,CLV,RB,7,1,1,10,0,0,100,-3,10,10,13,2
Giovani Bernard,CIN,WAS,RB,8,1,1,14,0,0,100,-,14,14,14,2.4
Jeremy Hill,CIN,WAS,RB,8,1,1,-3,0,0,100,-4,-3,-3,1,0.7
Giovani Bernard,CIN,NYG,RB,10,5,3,19,0,0,60,-0.4,6.3,3.8,6.7,4.9
Jeremy Hill,CIN,NYG,RB,10,0,0,0,0,0,-,-,-,-,-,0
Giovani Bernard,CIN,BUF,RB,11,7,5,40,0,0,71,2.9,8,5.7,3.4,9
Jeremy Hill,CIN,BUF,RB,11,2,2,1,0,0,100,-4.5,0.5,0.5,5,2.1
Rex Burkhead,CIN,BUF,RB,11,1,1,14,0,0,100,4,14,14,10,2.4
Jeremy Hill,CIN,BLT,RB,12,6,6,61,0,0,100,3,10.2,10.2,7.2,12.1
Rex Burkhead,CIN,BLT,RB,12,2,2,19,0,0,100,-2,9.5,9.5,11.5,3.9
Ryan Hewitt,CIN,BLT,RB,12,2,1,5,0,0,50,3,5,2.5,4,1.5
Rex Burkhead,CIN,PHI,RB,13,5,4,28,0,0,80,2,7,5.6,6,6.8
Jeremy Hill,CIN,PHI,RB,13,2,2,12,0,0,100,-2,6,6,8,3.2
Jeremy Hill,CIN,CLV,RB,14,4,3,31,0,0,75,-,10.3,7.8,9.3,6.1
Rex Burkhead,CIN,CLV,RB,14,2,1,6,0,0,50,-,6,3,7,1.6
Rex Burkhead,CIN,PIT,RB,15,3,2,18,0,0,67,-0.3,9,6,9.5,3.8
Jeremy Hill,CIN,PIT,RB,15,1,1,8,0,0,100,1,8,8,7,1.8
Rex Burkhead,CIN,HST,RB,16,4,4,25,0,0,100,0.3,6.3,6.3,6,6.5
Ryan Hewitt,CIN,HST,RB,16,1,1,8,0,0,100,3,8,8,5,1.8
Rex Burkhead,CIN,BLT,RB,17,2,2,25,0,0,100,-2,12.5,12.5,14.5,4.5
Cedric Peerman,CIN,BLT,RB,17,1,0,0,0,0,-,-,-,-,-,0
Duke Johnson,CLV,PHI,RB,1,4,3,28,0,0,75,0.3,9.3,7,9,5.8
Isaiah Crowell,CLV,PHI,RB,1,2,2,16,0,0,100,0.5,8,8,7.5,3.6
Malcolm Johnson,CLV,PHI,RB,1,2,2,9,0,0,100,-2,4.5,4.5,6.5,2.9
Duke Johnson,CLV,BLT,RB,2,5,4,44,0,0,80,1.2,11,8.8,8.8,8.4
Isaiah Crowell,CLV,BLT,RB,2,1,1,15,0,0,100,-1,15,15,16,2.5
Duke Johnson,CLV,MIA,RB,3,6,5,12,0,0,83,0.3,2.4,2,3.2,6.2
Malcolm Johnson,CLV,MIA,RB,3,1,1,3,0,0,100,-6,3,3,9,1.3
Isaiah Crowell,CLV,MIA,RB,3,0,0,0,0,0,-,-,-,-,-,0
Duke Johnson,CLV,WAS,RB,4,8,6,31,0,0,75,1,5.2,3.9,3.8,9.1
Isaiah Crowell,CLV,WAS,RB,4,3,3,22,0,0,100,-3.3,7.3,7.3,10.7,5.2
Malcolm Johnson,CLV,WAS,RB,4,1,1,11,0,0,100,1,11,11,10,2.1
Duke Johnson,CLV,NE,RB,5,3,2,21,0,0,67,6,10.5,7,4.5,4.1
Isaiah Crowell,CLV,NE,RB,5,2,1,18,0,0,50,1.5,18,9,17,2.8
Duke Johnson,CLV,TEN,RB,6,5,4,56,0,0,80,0.2,14,11.2,15.3,9.6
Isaiah Crowell,CLV,TEN,RB,6,2,2,20,0,0,100,1,10,10,9,4
Duke Johnson,CLV,CIN,RB,7,5,4,18,0,0,80,-0.4,4.5,3.6,5.5,5.8
Isaiah Crowell,CLV,CIN,RB,7,4,3,16,0,0,75,1.3,5.3,4,4.3,4.6
Malcolm Johnson,CLV,CIN,RB,7,2,1,21,0,0,50,-2,21,10.5,25,3.1
Duke Johnson,CLV,NYJ,RB,8,8,6,87,0,0,75,2.4,14.5,10.9,13.5,14.7
Isaiah Crowell,CLV,NYJ,RB,8,2,2,34,0,0,100,-4,17,17,21,5.4
Isaiah Crowell,CLV,DAL,RB,9,4,4,63,0,0,100,2,15.8,15.8,13.8,10.3
Duke Johnson,CLV,DAL,RB,9,2,2,16,0,0,100,2.5,8,8,5.5,3.6
Isaiah Crowell,CLV,BLT,RB,10,4,3,30,0,0,75,3,10,7.5,6.3,6
Duke Johnson,CLV,BLT,RB,10,3,3,25,0,0,100,1.7,8.3,8.3,6.7,5.5
Isaiah Crowell,CLV,PIT,RB,11,5,5,13,0,0,100,-1.4,2.6,2.6,4,6.3
Duke Johnson,CLV,PIT,RB,11,4,3,46,0,0,75,1.8,15.3,11.5,13.7,7.6
Isaiah Crowell,CLV,NYG,RB,12,6,6,47,0,0,100,-0.5,7.8,7.8,8.3,10.7
Duke Johnson,CLV,NYG,RB,12,4,3,26,0,0,75,6,8.7,6.5,2.3,5.6
Dan Vitale,CLV,NYG,RB,12,1,1,-4,0,0,100,-4,-4,-4,-,0.6
Duke Johnson,CLV,CIN,RB,14,2,1,21,0,0,50,-0.5,21,10.5,24,3.1
Isaiah Crowell,CLV,CIN,RB,14,2,1,5,0,0,50,-0.5,5,2.5,9,1.5
Dan Vitale,CLV,CIN,RB,14,1,0,0,0,0,-,1,-,-,-,0
Duke Johnson,CLV,BUF,RB,15,7,5,62,0,0,71,4,12.4,8.9,8.8,11.2
Isaiah Crowell,CLV,BUF,RB,15,2,0,0,0,0,-,-3,-,-,-,0
Dan Vitale,CLV,BUF,RB,15,1,1,17,0,0,100,1,17,17,16,2.7
Isaiah Crowell,CLV,SD,RB,16,5,4,4,0,0,80,-1.4,1,0.8,3.5,4.4
Duke Johnson,CLV,SD,RB,16,2,2,21,0,0,100,3.5,10.5,10.5,7,4.1
Dan Vitale,CLV,SD,RB,16,1,1,15,0,0,100,-,15,15,15,2.5
Isaiah Crowell,CLV,PIT,RB,17,3,3,16,0,0,100,-1.3,5.3,5.3,6.7,4.6
Dan Vitale,CLV,PIT,RB,17,1,1,-1,0,0,100,-3,-1,-1,2,0.9
George Atkinson,CLV,PIT,RB,17,0,0,0,0,0,-,-,-,-,-,0
Lance Dunbar,DAL,NYG,RB,1,2,1,16,0,0,50,3.5,16,8,12,2.6
Ezekiel Elliott,DAL,NYG,RB,1,1,1,1,0,0,100,1,1,1,-,1.1
Keith A. Smith,DAL,NYG,RB,1,0,0,0,0,0,-,-,-,-,-,0
Ezekiel Elliott,DAL,WAS,RB,2,2,2,4,0,0,100,-,2,2,2,2.4
Keith A. Smith,DAL,WAS,RB,2,1,1,5,0,0,100,-3,5,5,8,1.5
Ezekiel Elliott,DAL,CHI,RB,3,2,2,20,0,0,100,-1,10,10,11,4
Lance Dunbar,DAL,SF,RB,4,2,2,14,0,0,100,-0.5,7,7,7.5,3.4
Keith A. Smith,DAL,SF,RB,4,1,1,14,0,0,100,2,14,14,12,2.4
Ezekiel Elliott,DAL,SF,RB,4,1,1,19,0,0,100,-4,19,19,23,2.9
Ezekiel Elliott,DAL,CIN,RB,5,3,3,37,0,0,100,-2,12.3,12.3,14.3,6.7
Ezekiel Elliott,DAL,GB,RB,6,4,2,17,0,0,50,2.3,8.5,4.3,11.5,3.7
Ezekiel Elliott,DAL,PHI,RB,8,4,4,52,0,0,100,-0.3,13,13,13.3,9.2
Keith A. Smith,DAL,PHI,RB,8,1,1,1,0,0,100,-,1,1,1,1.1
Ezekiel Elliott,DAL,CLV,RB,9,1,1,5,0,0,100,-,5,5,5,1.5
Alfred Morris,DAL,CLV,RB,9,0,0,0,0,0,-,-,-,-,-,0
Ezekiel Elliott,DAL,PIT,RB,10,2,2,95,1,1,100,-3,47.5,47.5,50.5,17.5
Lance Dunbar,DAL,PIT,RB,10,1,0,0,0,0,-,-1,-,-,-,0
Ezekiel Elliott,DAL,BLT,RB,11,5,4,30,0,0,80,1,7.5,6,6.8,7
Lance Dunbar,DAL,BLT,RB,11,2,2,14,0,0,100,5.5,7,7,1.5,3.4
Ezekiel Elliott,DAL,WAS,RB,12,2,2,23,0,0,100,1,11.5,11.5,10.5,4.3
Ezekiel Elliott,DAL,MIN,RB,13,4,4,19,0,0,100,-1.8,4.8,4.8,6.5,5.9
Lance Dunbar,DAL,NYG,RB,14,5,3,12,0,0,60,1.6,4,2.4,1.7,4.2
Ezekiel Elliott,DAL,NYG,RB,14,2,0,0,0,0,-,2,-,-,-,0
Ezekiel Elliott,DAL,TB,RB,15,3,3,29,0,0,100,-,9.7,9.7,9.7,5.9
Ezekiel Elliott,DAL,DET,RB,16,1,1,12,0,0,100,-3,12,12,15,2.2
Darren McFadden,DAL,DET,RB,16,1,0,0,0,0,-,1,-,-,-,0
Lance Dunbar,DAL,PHI,RB,17,5,3,19,0,0,60,1.4,6.3,3.8,4.3,4.9
Darren McFadden,DAL,PHI,RB,17,3,2,19,0,0,67,-2.7,9.5,6.3,11,3.9
Alfred Morris,DAL,PHI,RB,17,2,1,3,0,0,50,-5,3,1.5,7,1.3
C.J. Anderson,DEN,CAR,RB,1,4,4,47,1,1,100,-1,11.8,11.8,12.8,14.7
Kapri Bibbs,DEN,CAR,RB,1,1,1,6,0,0,100,-3,6,6,9,1.6
Andy Janovich,DEN,CAR,RB,1,0,0,0,0,0,-,-,-,-,-,0
C.J. Anderson,DEN,IND,RB,2,3,3,19,0,0,100,-0.7,6.3,6.3,7,4.9
Kapri Bibbs,DEN,IND,RB,2,1,0,0,0,0,-,3,-,-,-,0
Andy Janovich,DEN,IND,RB,2,1,1,11,0,0,100,3,11,11,8,2.1
C.J. Anderson,DEN,CIN,RB,3,3,1,4,0,0,33,1,4,1.3,9,1.4
Andy Janovich,DEN,CIN,RB,3,1,1,13,0,0,100,5,13,13,8,2.3
C.J. Anderson,DEN,TB,RB,4,1,1,3,0,0,100,1,3,3,2,1.3
Devontae Booker,DEN,TB,RB,4,0,0,0,0,0,-,-,-,-,-,0
Kapri Bibbs,DEN,TB,RB,4,0,0,0,0,0,-,-,-,-,-,0
Devontae Booker,DEN,ATL,RB,5,5,4,36,0,0,80,3,9,7.2,6.3,7.6
C.J. Anderson,DEN,ATL,RB,5,4,3,21,0,0,75,2.8,7,5.3,4.7,5.1
Andy Janovich,DEN,ATL,RB,5,1,0,0,0,0,-,3,-,-,-,0
C.J. Anderson,DEN,SD,RB,6,5,4,34,0,0,80,3.6,8.5,6.8,5,7.4
Devontae Booker,DEN,SD,RB,6,2,2,7,0,0,100,-4,3.5,3.5,7.5,2.7
Devontae Booker,DEN,HST,RB,7,1,1,4,0,0,100,-3,4,4,7,1.4
Andy Janovich,DEN,HST,RB,7,1,1,12,0,0,100,2,12,12,10,2.2
C.J. Anderson,DEN,HST,RB,7,0,0,0,0,0,-,-,-,-,-,0
Devontae Booker,DEN,SD,RB,8,6,5,30,0,0,83,-0.5,6,5,6.6,8
Kapri Bibbs,DEN,SD,RB,8,0,0,0,0,0,-,-,-,-,-,0
Kapri Bibbs,DEN,OAK,RB,9,1,1,69,1,1,100,-2,69,69,71,13.9
Devontae Booker,DEN,OAK,RB,9,1,1,8,0,0,100,-3,8,8,11,1.8
Devontae Booker,DEN,NO,RB,10,2,2,12,0,0,100,0.5,6,6,5.5,3.2
Andy Janovich,DEN,NO,RB,10,1,1,9,0,0,100,7,9,9,2,1.9
Kapri Bibbs,DEN,NO,RB,10,0,0,0,0,0,-,-,-,-,-,0
Devontae Booker,DEN,KC,RB,12,2,1,22,0,0,50,6,22,11,14,3.2
Andy Janovich,DEN,KC,RB,12,1,1,-1,0,0,100,-5,-1,-1,4,0.9
Kapri Bibbs,DEN,KC,RB,12,0,0,0,0,0,-,-,-,-,-,0
Devontae Booker,DEN,JAX,RB,13,1,1,2,0,0,100,-3,2,2,5,1.2
Kapri Bibbs,DEN,JAX,RB,13,0,0,0,0,0,-,-,-,-,-,0
Juwan Thompson,DEN,JAX,RB,13,0,0,0,0,0,-,-,-,-,-,0
Justin Forsett,DEN,TEN,RB,14,3,3,18,0,0,100,-2.7,6,6,8.7,4.8
Devontae Booker,DEN,TEN,RB,14,2,2,10,0,0,100,0.5,5,5,4.5,3
Justin Forsett,DEN,NE,RB,15,5,4,16,0,0,80,0.8,4,3.2,5,5.6
Devontae Booker,DEN,NE,RB,15,3,2,16,0,0,67,8,8,5.3,4.5,3.6
Devontae Booker,DEN,KC,RB,16,8,6,44,0,0,75,0.5,7.3,5.5,10.2,10.4
Juwan Thompson,DEN,KC,RB,16,1,0,0,0,0,-,-5,-,-,-,0
Devontae Booker,DEN,OAK,RB,17,2,2,52,1,1,100,-,26,26,26,13.2
Justin Forsett,DEN,OAK,RB,17,1,0,0,0,0,-,2,-,-,-,0
Juwan Thompson,DEN,OAK,RB,17,0,0,0,0,0,-,-,-,-,-,0
Theo Riddick,DET,IND,RB,1,5,5,63,1,1,100,1.8,12.6,12.6,10.8,17.3
Ameer Abdullah,DET,IND,RB,1,5,5,57,1,1,100,0.4,11.4,11.4,11,16.7
Dwayne Washington,DET,IND,RB,1,0,0,0,0,0,-,-,-,-,-,0
Theo Riddick,DET,TEN,RB,2,5,4,28,0,0,80,-1.6,7,5.6,8.3,6.8
Dwayne Washington,DET,TEN,RB,2,0,0,0,0,0,-,-,-,-,-,0
Theo Riddick,DET,GB,RB,3,8,7,39,0,0,88,1.9,5.6,4.9,5.9,10.9
Dwayne Washington,DET,GB,RB,3,1,1,-3,0,0,100,-6,-3,-3,3,0.7
Theo Riddick,DET,CHI,RB,4,7,4,27,0,0,57,3.6,6.8,3.9,5.5,6.7
Zach Zenner,DET,CHI,RB,4,1,1,22,0,0,100,3,22,22,19,3.2
Theo Riddick,DET,PHI,RB,5,6,6,33,2,1,100,-1.5,5.5,5.5,7.2,21.3
Zach Zenner,DET,PHI,RB,5,2,2,23,0,0,100,-4.5,11.5,11.5,16,4.3
Zach Zenner,DET,LA,RB,6,2,2,19,0,0,100,-1.5,9.5,9.5,11,3.9
Zach Zenner,DET,WAS,RB,7,2,0,0,0,0,-,-1,-,-,-,0
Theo Riddick,DET,HST,RB,8,11,8,77,1,1,73,1.3,9.6,7,8.8,21.7
Zach Zenner,DET,HST,RB,8,1,1,5,0,0,100,1,5,5,4,1.5
Dwayne Washington,DET,MIN,RB,9,1,0,0,0,0,-,-4,-,-,-,0
Theo Riddick,DET,MIN,RB,9,1,1,6,0,0,100,-,6,6,6,1.6
Theo Riddick,DET,JAX,RB,11,9,8,70,0,0,89,0.2,8.8,7.8,9.1,15
Dwayne Washington,DET,JAX,RB,11,2,2,15,0,0,100,-3.5,7.5,7.5,11,3.5
Theo Riddick,DET,MIN,RB,12,5,5,13,0,0,100,-0.8,2.6,2.6,3.4,6.3
Zach Zenner,DET,MIN,RB,12,0,0,0,0,0,-,-,-,-,-,0
Theo Riddick,DET,NO,RB,13,5,5,15,1,1,100,-1,3,3,4.2,12.5
Dwayne Washington,DET,NO,RB,13,2,2,19,0,0,100,-1.5,9.5,9.5,11,3.9
Zach Zenner,DET,NO,RB,13,0,0,0,0,0,-,-,-,-,-,0
Zach Zenner,DET,CHI,RB,14,2,2,9,0,0,100,-1.5,4.5,4.5,6,2.9
Dwayne Washington,DET,CHI,RB,14,2,1,10,0,0,50,5.5,10,5,4,2
Zach Zenner,DET,NYG,RB,15,4,4,52,0,0,100,-0.3,13,13,13.3,9.2
Dwayne Washington,DET,NYG,RB,15,2,2,9,0,0,100,3,4.5,4.5,1.5,2.9
Zach Zenner,DET,DAL,RB,16,2,2,25,0,0,100,4,12.5,12.5,8.5,4.5
Dwayne Washington,DET,DAL,RB,16,2,1,4,0,0,50,-4,4,2,8,1.4
Zach Zenner,DET,GB,RB,17,5,4,41,0,0,80,-0.8,10.3,8.2,10,8.1
Eddie Lacy,GB,JAX,RB,1,1,1,17,0,0,100,-4,17,17,21,2.7
James Starks,GB,JAX,RB,1,1,1,6,0,0,100,1,6,6,5,1.6
Eddie Lacy,GB,MIN,RB,2,1,0,0,0,0,-,-4,-,-,-,0
James Starks,GB,MIN,RB,2,1,1,10,0,0,100,-3,10,10,19,2
Eddie Lacy,GB,DET,RB,3,2,1,2,0,0,50,-4.5,2,1,5,1.2
James Starks,GB,NYG,RB,5,6,3,19,0,0,50,-2.3,6.3,3.2,8,4.9
Eddie Lacy,GB,NYG,RB,5,1,1,3,0,0,100,-3,3,3,6,1.3
Aaron Ripkowski,GB,NYG,RB,5,0,0,0,0,0,-,-,-,-,-,0
Aaron Ripkowski,GB,DAL,RB,6,1,1,2,0,0,100,-,2,2,2,1.2
Eddie Lacy,GB,DAL,RB,6,1,1,6,0,0,100,-4,6,6,10,1.6
Ty Montgomery,GB,CHI,RB,7,10,10,66,0,0,100,0.5,6.6,6.6,6.1,16.6
Aaron Ripkowski,GB,CHI,RB,7,1,1,8,0,0,100,2,8,8,6,1.8
Aaron Ripkowski,GB,ATL,RB,8,1,1,-1,0,0,100,-3,-1,-1,2,0.9
Ty Montgomery,GB,IND,RB,9,3,3,38,0,0,100,2.7,12.7,12.7,10,6.8
Aaron Ripkowski,GB,IND,RB,9,1,1,3,0,0,100,-,3,3,3,1.3
James Starks,GB,TEN,RB,10,4,3,11,1,1,75,-3.8,3.7,2.8,9.3,10.1
Ty Montgomery,GB,TEN,RB,10,2,2,11,0,0,100,-2.5,5.5,5.5,8,3.1
James Starks,GB,WAS,RB,11,6,5,46,1,1,83,-1.3,9.2,7.7,10.4,15.6
Ty Montgomery,GB,WAS,RB,11,4,3,27,0,0,75,1,9,6.8,8.3,5.7
Aaron Ripkowski,GB,WAS,RB,11,0,0,0,0,0,-,-,-,-,-,0
James Starks,GB,PHI,RB,12,5,5,27,0,0,100,-0.4,5.4,5.4,5.8,7.7
Aaron Ripkowski,GB,PHI,RB,12,2,2,15,0,0,100,4,7.5,7.5,3.5,3.5
Ty Montgomery,GB,PHI,RB,12,2,2,12,0,0,100,-0.5,6,6,6.5,3.2
Ty Montgomery,GB,HST,RB,13,3,2,16,0,0,67,1.7,8,5.3,6,3.6
Aaron Ripkowski,GB,HST,RB,13,1,1,4,0,0,100,1,4,4,3,1.4
Ty Montgomery,GB,SEA,RB,14,3,3,45,0,0,100,-0.7,15,15,15.7,7.5
Aaron Ripkowski,GB,SEA,RB,14,1,0,0,0,0,-,3,-,-,-,0
Ty Montgomery,GB,CHI,RB,15,2,2,1,0,0,100,-1.5,0.5,0.5,2,2.1
Ty Montgomery,GB,MIN,RB,16,5,4,17,0,0,80,1.4,4.3,3.4,5,5.7
Christine Michael,GB,MIN,RB,16,1,1,1,0,0,100,-,1,1,1,1.1
Ty Montgomery,GB,DET,RB,17,5,3,17,0,0,60,-1.2,5.7,3.4,8.7,4.7
Aaron Ripkowski,GB,DET,RB,17,2,2,15,1,1,100,3.5,7.5,7.5,4,9.5
Lamar Miller,HST,CHI,RB,1,4,4,11,0,0,100,1.8,2.8,2.8,1,5.1
Tyler Ervin,HST,CHI,RB,1,2,1,5,0,0,50,4.5,5,2.5,-,1.5
Alfred Blue,HST,CHI,RB,1,0,0,0,0,0,-,-,-,-,-,0
Jay Prosch,HST,CHI,RB,1,0,0,0,0,0,-,-,-,-,-,0
Jonathan Grimes,HST,KC,RB,2,2,1,13,0,0,50,-0.5,13,6.5,15,2.3
Lamar Miller,HST,KC,RB,2,2,2,14,0,0,100,3.5,7,7,3.5,3.4
Alfred Blue,HST,KC,RB,2,0,0,0,0,0,-,-,-,-,-,0
Lamar Miller,HST,NE,RB,3,5,4,27,0,0,80,2.4,6.8,5.4,3.5,6.7
Jonathan Grimes,HST,NE,RB,3,4,4,15,0,0,100,1,3.8,3.8,2.8,5.5
Lamar Miller,HST,TEN,RB,4,3,3,26,0,0,100,1,8.7,8.7,7.7,5.6
Alfred Blue,HST,TEN,RB,4,1,1,4,0,0,100,2,4,4,2,1.4
Jay Prosch,HST,TEN,RB,4,1,1,6,0,0,100,2,6,6,4,1.6
Lamar Miller,HST,MIN,RB,5,3,1,4,0,0,33,0.3,4,1.3,8,1.4
Alfred Blue,HST,MIN,RB,5,0,0,0,0,0,-,-,-,-,-,0
Lamar Miller,HST,IND,RB,6,3,3,29,1,1,100,-1.3,9.7,9.7,11,11.9
Tyler Ervin,HST,IND,RB,6,2,1,4,0,0,50,13.5,4,2,-,1.4
Alfred Blue,HST,IND,RB,6,0,0,0,0,0,-,-,-,-,-,0
Lamar Miller,HST,DEN,RB,7,3,3,6,0,0,100,-3.7,2,2,5.7,3.6
Alfred Blue,HST,DEN,RB,7,2,0,0,0,0,-,9.5,-,-,-,0
Lamar Miller,HST,DET,RB,8,3,2,7,0,0,67,3,3.5,2.3,1,2.7
Jonathan Grimes,HST,DET,RB,8,0,0,0,0,0,-,-,-,-,-,0
Alfred Blue,HST,DET,RB,8,0,0,0,0,0,-,-,-,-,-,0
Akeem Hunt,HST,JAX,RB,10,1,1,1,0,0,100,-5,1,1,6,1.1
Alfred Blue,HST,JAX,RB,10,0,0,0,0,0,-,-,-,-,-,0
Lamar Miller,HST,JAX,RB,10,0,0,0,0,0,-,-,-,-,-,0
Lamar Miller,HST,OAK,RB,11,3,2,9,0,0,67,-2,4.5,3,8,2.9
Akeem Hunt,HST,OAK,RB,11,0,0,0,0,0,-,-,-,-,-,0
Jay Prosch,HST,OAK,RB,11,0,0,0,0,0,-,-,-,-,-,0
Lamar Miller,HST,SD,RB,12,3,3,18,0,0,100,4.3,6,6,1.7,4.8
Jonathan Grimes,HST,SD,RB,12,0,0,0,0,0,-,-,-,-,-,0
Akeem Hunt,HST,SD,RB,12,0,0,0,0,0,-,-,-,-,-,0
Alfred Blue,HST,GB,RB,13,2,2,3,0,0,100,-4,1.5,1.5,5.5,2.3
Jonathan Grimes,HST,GB,RB,13,1,1,15,0,0,100,4,15,15,11,2.5
Lamar Miller,HST,GB,RB,13,1,1,7,0,0,100,-7,7,7,14,1.7
Jonathan Grimes,HST,IND,RB,14,2,1,6,0,0,50,1,6,3,6,1.6
Alfred Blue,HST,IND,RB,14,1,1,0,0,0,100,-,-,-,-,1
Lamar Miller,HST,IND,RB,14,1,1,15,0,0,100,-4,15,15,19,2.5
Jonathan Grimes,HST,JAX,RB,15,3,2,12,0,0,67,-0.3,6,4,7,3.2
Lamar Miller,HST,JAX,RB,15,2,2,26,0,0,100,2,13,13,11,4.6
Alfred Blue,HST,JAX,RB,15,1,1,4,0,0,100,3,4,4,1,1.4
Akeem Hunt,HST,JAX,RB,15,0,0,0,0,0,-,-,-,-,-,0
Alfred Blue,HST,CIN,RB,16,4,4,17,0,0,100,3.3,4.3,4.3,1,5.7
Akeem Hunt,HST,CIN,RB,16,2,2,28,0,0,100,-1.5,14,14,15.5,4.8
Jay Prosch,HST,CIN,RB,16,0,0,0,0,0,-,-,-,-,-,0
Jonathan Grimes,HST,TEN,RB,17,5,4,33,0,0,80,2.2,8.3,6.6,5.8,7.3
Alfred Blue,HST,TEN,RB,17,4,3,12,0,0,75,1,4,3,3,4.2
Frank Gore,IND,DET,RB,1,5,4,19,0,0,80,-1.4,4.8,3.8,6,5.9
Josh Ferguson,IND,DET,RB,1,2,2,26,0,0,100,2.5,13,13,10.5,4.6
Robert Turbin,IND,DET,RB,1,2,2,15,0,0,100,1.5,7.5,7.5,6,3.5
Josh Ferguson,IND,DEN,RB,2,5,5,29,0,0,100,-1,5.8,5.8,6.8,7.9
Frank Gore,IND,DEN,RB,2,3,3,19,1,1,100,2.3,6.3,6.3,4,10.9
Robert Turbin,IND,DEN,RB,2,1,0,0,0,0,-,1,-,-,-,0
Josh Ferguson,IND,SD,RB,3,4,3,29,0,0,75,0.5,9.7,7.3,10.7,5.9
Frank Gore,IND,SD,RB,3,2,1,1,0,0,50,-0.5,1,0.5,1,1.1
Josh Ferguson,IND,JAX,RB,4,10,7,33,0,0,70,-1.2,4.7,3.3,6.7,10.3
Frank Gore,IND,JAX,RB,4,6,5,27,0,0,83,-1.2,5.4,4.5,7.2,7.7
Robert Turbin,IND,JAX,RB,4,2,2,3,0,0,100,-1,1.5,1.5,2.5,2.3
Josh Ferguson,IND,CHI,RB,5,3,2,10,0,0,67,-4,5,3.3,9.5,3
Frank Gore,IND,CHI,RB,5,2,1,4,0,0,50,4.5,4,2,-,1.4
Robert Turbin,IND,HST,RB,6,4,4,22,0,0,100,-1,5.5,5.5,6.5,6.2
Frank Gore,IND,HST,RB,6,1,1,2,0,0,100,-,2,2,2,1.2
Frank Gore,IND,TEN,RB,7,5,5,22,1,1,100,-0.6,4.4,4.4,5.4,13.2
Robert Turbin,IND,TEN,RB,7,1,1,19,0,0,100,-2,19,19,21,2.9
Frank Gore,IND,KC,RB,8,3,2,25,1,1,67,0.3,12.5,8.3,14,10.5
Robert Turbin,IND,KC,RB,8,3,3,25,0,0,100,1,8.3,8.3,7.3,5.5
Robert Turbin,IND,GB,RB,9,3,2,13,0,0,67,0.3,6.5,4.3,11.5,3.3
Frank Gore,IND,GB,RB,9,2,2,8,0,0,100,-2.5,4,4,8,2.8
Frank Gore,IND,TEN,RB,11,4,4,71,0,0,100,1,17.8,17.8,16.8,11.1
Robert Turbin,IND,TEN,RB,11,0,0,0,0,0,-,-,-,-,-,0
Robert Turbin,IND,PIT,RB,12,2,2,-2,0,0,100,-4.5,-1,-1,3.5,1.8
Frank Gore,IND,PIT,RB,12,1,1,3,0,0,100,1,3,3,2,1.3
Jordan Todman,IND,PIT,RB,12,0,0,0,0,0,-,-,-,-,-,0
Josh Ferguson,IND,NYJ,RB,13,0,0,0,0,0,-,-,-,-,-,0
Robert Turbin,IND,NYJ,RB,13,0,0,0,0,0,-,-,-,-,-,0
Frank Gore,IND,NYJ,RB,13,0,0,0,0,0,-,-,-,-,-,0
Jordan Todman,IND,NYJ,RB,13,0,0,0,0,0,-,-,-,-,-,0
Robert Turbin,IND,HST,RB,14,7,4,33,0,0,57,-3.4,8.3,4.7,11,7.3
Frank Gore,IND,HST,RB,14,2,2,33,1,1,100,-2.5,16.5,16.5,19,11.3
Frank Gore,IND,MIN,RB,15,4,4,14,0,0,100,2,3.5,3.5,1.5,5.4
Robert Turbin,IND,MIN,RB,15,2,2,22,0,0,100,-4,11,11,15,4.2
Jordan Todman,IND,MIN,RB,15,0,0,0,0,0,-,-,-,-,-,0
Robert Turbin,IND,OAK,RB,16,2,2,11,1,1,100,2,5.5,5.5,4.5,9.1
Frank Gore,IND,OAK,RB,16,2,1,12,0,0,50,-2,12,6,19,2.2
Robert Turbin,IND,JAX,RB,17,4,2,18,0,0,50,1.8,9,4.5,7.5,3.8
Frank Gore,IND,JAX,RB,17,2,2,14,0,0,100,-3.5,7,7,10.5,3.4
T.J. Yeldon,JAX,GB,RB,1,5,4,30,0,0,80,2.8,7.5,6,3.3,7
T.J. Yeldon,JAX,SD,RB,2,9,8,10,0,0,89,-3.8,1.3,1.1,5.1,9
Corey Grant,JAX,SD,RB,2,1,1,15,1,1,100,2,15,15,13,8.5
T.J. Yeldon,JAX,BLT,RB,3,3,2,11,0,0,67,6,5.5,3.7,2.5,3.1
Chris Ivory,JAX,BLT,RB,3,1,1,9,0,0,100,7,9,9,2,1.9
T.J. Yeldon,JAX,IND,RB,4,4,4,46,0,0,100,-2.5,11.5,11.5,14,8.6
Chris Ivory,JAX,IND,RB,4,0,0,0,0,0,-,-,-,-,-,0
Chris Ivory,JAX,CHI,RB,6,2,2,3,0,0,100,-,1.5,1.5,1.5,2.3
T.J. Yeldon,JAX,CHI,RB,6,2,1,5,0,0,50,4,5,2.5,4,1.5
Chris Ivory,JAX,OAK,RB,7,4,2,3,0,0,50,0.8,1.5,0.8,0.5,2.3
T.J. Yeldon,JAX,OAK,RB,7,2,1,4,0,0,50,-0.5,4,2,2,1.4
T.J. Yeldon,JAX,TEN,RB,8,4,4,36,0,0,100,-0.3,9,9,9.3,7.6
Chris Ivory,JAX,TEN,RB,8,1,1,6,0,0,100,-3,6,6,9,1.6
T.J. Yeldon,JAX,KC,RB,9,5,5,32,1,1,100,-1,6.4,6.4,7.4,14.2
Chris Ivory,JAX,KC,RB,9,2,1,0,0,0,50,0.5,-,-,1,1
T.J. Yeldon,JAX,HST,RB,10,3,3,27,0,0,100,-3,9,9,12,5.7
Chris Ivory,JAX,HST,RB,10,3,2,10,0,0,67,1.3,5,3.3,4,3
Chris Ivory,JAX,DET,RB,11,6,6,75,0,0,100,-0.3,12.5,12.5,12.8,13.5
Denard Robinson,JAX,DET,RB,11,1,1,4,0,0,100,-1,4,4,5,1.4
T.J. Yeldon,JAX,BUF,RB,12,2,1,3,0,0,50,-4,3,1.5,7,1.3
Chris Ivory,JAX,BUF,RB,12,1,1,11,0,0,100,3,11,11,8,2.1
Denard Robinson,JAX,BUF,RB,12,0,0,0,0,0,-,-,-,-,-,0
T.J. Yeldon,JAX,DEN,RB,13,6,3,27,0,0,50,-0.3,9,4.5,9.3,5.7
Denard Robinson,JAX,DEN,RB,13,1,1,11,0,0,100,-5,11,11,16,2.1
Corey Grant,JAX,DEN,RB,13,0,0,0,0,0,-,-,-,-,-,0
T.J. Yeldon,JAX,MIN,RB,14,8,7,31,0,0,88,-2,4.4,3.9,7.3,10.1
Corey Grant,JAX,MIN,RB,14,0,0,0,0,0,-,-,-,-,-,0
T.J. Yeldon,JAX,HST,RB,15,5,5,34,0,0,100,-0.2,6.8,6.8,7,8.4
Chris Ivory,JAX,TEN,RB,16,5,4,69,0,0,80,-1,17.3,13.8,19,10.9
Corey Grant,JAX,TEN,RB,16,1,1,5,0,0,100,2,5,5,3,1.5
Corey Grant,JAX,IND,RB,17,2,2,15,0,0,100,-,7.5,7.5,7.5,3.5
Joe Banyard,JAX,IND,RB,17,0,0,0,0,0,-,-,-,-,-,0
Spencer Ware,KC,SD,RB,1,8,7,129,0,0,88,6.9,18.4,16.1,10.6,22.9
Charcandrick West,KC,SD,RB,1,6,6,24,0,0,100,-1,4,4,5,8.4
Spencer Ware,KC,HST,RB,2,3,2,48,0,0,67,12.3,24,16,9.5,6.8
Charcandrick West,KC,HST,RB,2,2,1,2,0,0,50,0.5,2,1,4,1.2
Charcandrick West,KC,NYJ,RB,3,3,3,8,0,0,100,-2.7,2.7,2.7,5.3,3.8
Anthony Sherman,KC,NYJ,RB,3,1,1,3,0,0,100,3,3,3,-,1.3
Spencer Ware,KC,NYJ,RB,3,1,1,8,0,0,100,1,8,8,7,1.8
Spencer Ware,KC,PIT,RB,4,4,1,14,0,0,25,1.5,14,3.5,18,2.4
Spencer Ware,KC,OAK,RB,6,2,2,32,0,0,100,3.5,16,16,12.5,5.2
Jamaal Charles,KC,OAK,RB,6,2,2,14,0,0,100,-1.5,7,7,8.5,3.4
Anthony Sherman,KC,OAK,RB,6,1,0,0,0,0,-,-4,-,-,-,0
Spencer Ware,KC,NO,RB,7,2,2,54,1,1,100,-2.5,27,27,29.5,13.4
Anthony Sherman,KC,NO,RB,7,1,1,0,0,0,100,-2,-,-,2,1
Charcandrick West,KC,IND,RB,8,3,2,8,0,0,67,-1,4,2.7,6.5,2.8
Spencer Ware,KC,IND,RB,8,2,2,28,0,0,100,-1,14,14,15,4.8
Charcandrick West,KC,JAX,RB,9,4,3,35,0,0,75,1,11.7,8.8,12,6.5
Anthony Sherman,KC,JAX,RB,9,1,1,6,0,0,100,-,6,6,6,1.6
Charcandrick West,KC,CAR,RB,10,3,3,5,0,0,100,-0.3,1.7,1.7,2,3.5
Spencer Ware,KC,CAR,RB,10,3,3,11,0,0,100,-2.7,3.7,3.7,6.3,4.1
Spencer Ware,KC,TB,RB,11,3,2,16,0,0,67,1,8,5.3,8,3.6
Spencer Ware,KC,DEN,RB,12,2,2,32,0,0,100,1.5,16,16,14.5,5.2
Charcandrick West,KC,DEN,RB,12,1,0,0,0,0,-,-3,-,-,-,0
Spencer Ware,KC,ATL,RB,13,4,3,23,1,1,75,6.8,7.7,5.8,7.3,11.3
Spencer Ware,KC,OAK,RB,14,2,1,7,0,0,50,1,7,3.5,6,1.7
Spencer Ware,KC,TEN,RB,15,3,3,25,0,0,100,-4.3,8.3,8.3,12.7,5.5
Anthony Sherman,KC,TEN,RB,15,1,0,0,0,0,-,-2,-,-,-,0
Charcandrick West,KC,TEN,RB,15,0,0,0,0,0,-,-,-,-,-,0
Spencer Ware,KC,DEN,RB,16,3,2,20,0,0,67,-0.3,10,6.7,11.5,4
Charcandrick West,KC,DEN,RB,16,1,1,3,0,0,100,2,3,3,1,1.3
Charcandrick West,KC,SD,RB,17,5,5,58,2,1,100,1.6,11.6,11.6,10,22.8
Anthony Sherman,KC,SD,RB,17,1,1,2,0,0,100,1,2,2,1,1.2
Knile Davis,KC,SD,RB,17,1,0,0,0,0,-,2,-,-,-,0
Todd Gurley,LA,SF,RB,1,2,1,-5,0,0,50,0.5,-5,-2.5,-,0.5
Benny Cunningham,LA,SF,RB,1,1,1,7,0,0,100,-3,7,7,10,1.7
Benny Cunningham,LA,SEA,RB,2,2,1,7,0,0,50,-1,7,3.5,3,1.7
Todd Gurley,LA,SEA,RB,2,1,1,19,0,0,100,-5,19,19,24,2.9
Todd Gurley,LA,TB,RB,3,2,1,-5,0,0,50,-3,-5,-2.5,-,0.5
Benny Cunningham,LA,TB,RB,3,1,1,10,0,0,100,-,10,10,10,2
Todd Gurley,LA,ARZ,RB,4,5,5,49,0,0,100,2.6,9.8,9.8,7.2,9.9
Todd Gurley,LA,BUF,RB,5,5,3,36,0,0,60,2.6,12,7.2,8,6.6
Todd Gurley,LA,DET,RB,6,4,4,39,0,0,100,-0.5,9.8,9.8,10.3,7.9
Benny Cunningham,LA,DET,RB,6,2,2,14,0,0,100,2.5,7,7,4.5,3.4
Todd Gurley,LA,NYG,RB,7,7,6,35,0,0,86,0.3,5.8,5,5.2,9.5
Benny Cunningham,LA,NYG,RB,7,1,1,5,0,0,100,2,5,5,3,1.5
Benny Cunningham,LA,CAR,RB,9,5,5,32,0,0,100,2.2,6.4,6.4,4.2,8.2
Todd Gurley,LA,CAR,RB,9,5,4,26,0,0,80,1.2,6.5,5.2,6.3,6.6
Benny Cunningham,LA,NYJ,RB,10,5,3,7,0,0,60,3.2,2.3,1.4,2,3.7
Todd Gurley,LA,NYJ,RB,10,1,1,8,0,0,100,1,8,8,7,1.8
Todd Gurley,LA,MIA,RB,11,2,0,0,0,0,-,7,-,-,-,0
Benny Cunningham,LA,MIA,RB,11,2,1,-3,0,0,50,-2,-3,-1.5,1,0.7
Todd Gurley,LA,NO,RB,12,4,4,39,0,0,100,-0.3,9.8,9.8,10,7.9
Benny Cunningham,LA,NO,RB,12,1,1,12,0,0,100,-6,12,12,18,2.2
Malcolm Brown,LA,NO,RB,12,0,0,0,0,0,-,-,-,-,-,0
Todd Gurley,LA,NE,RB,13,2,2,9,0,0,100,-5,4.5,4.5,9.5,2.9
Benny Cunningham,LA,NE,RB,13,0,0,0,0,0,-,-,-,-,-,0
Todd Gurley,LA,ATL,RB,14,4,3,22,0,0,75,-2,7.3,5.5,8,5.2
Malcolm Brown,LA,ATL,RB,14,0,0,0,0,0,-,-,-,-,-,0
Todd Gurley,LA,SEA,RB,15,3,1,-2,0,0,33,6.3,-2,-0.7,5,0.8
Todd Gurley,LA,SF,RB,16,3,3,20,0,0,100,-2.7,6.7,6.7,9.3,5
Malcolm Brown,LA,SF,RB,16,0,0,0,0,0,-,-,-,-,-,0
Todd Gurley,LA,ARZ,RB,17,5,4,37,0,0,80,1.6,9.3,7.4,12,7.7
Malcolm Brown,LA,ARZ,RB,17,0,0,0,0,0,-,-,-,-,-,0
Arian Foster,MIA,SEA,RB,1,4,3,62,0,0,75,0.5,20.7,15.5,20,9.2
Damien Williams,MIA,SEA,RB,1,1,1,29,0,0,100,-4,29,29,33,3.9
Jay Ajayi,MIA,NE,RB,2,4,4,31,0,0,100,2.8,7.8,7.8,5,7.1
Kenyan Drake,MIA,NE,RB,2,2,2,6,0,0,100,-2,3,3,5,2.6
Damien Williams,MIA,CLV,RB,3,3,3,10,1,1,100,-1,3.3,3.3,4.3,10
Kenyan Drake,MIA,CLV,RB,3,2,2,11,0,0,100,-,5.5,5.5,5.5,3.1
Jay Ajayi,MIA,CLV,RB,3,0,0,0,0,0,-,-,-,-,-,0
Damien Williams,MIA,CIN,RB,4,1,1,6,0,0,100,-,6,6,6,1.6
Kenyan Drake,MIA,CIN,RB,4,0,0,0,0,0,-,-,-,-,-,0
Kenyan Drake,MIA,TEN,RB,5,3,2,22,0,0,67,-2.7,11,7.3,13.5,4.2
Damien Williams,MIA,TEN,RB,5,2,2,67,0,0,100,1.5,33.5,33.5,32,8.7
Jay Ajayi,MIA,TEN,RB,5,0,0,0,0,0,-,-,-,-,-,0
Damien Williams,MIA,PIT,RB,6,2,2,5,0,0,100,-3,2.5,2.5,5.5,2.5
Jay Ajayi,MIA,PIT,RB,6,2,1,3,0,0,50,-,3,1.5,3,1.3
Damien Williams,MIA,BUF,RB,7,1,0,0,0,0,-,2,-,-,-,0
Jay Ajayi,MIA,BUF,RB,7,1,1,2,0,0,100,2,2,2,-,1.2
Jay Ajayi,MIA,NYJ,RB,9,4,3,19,0,0,75,-4,6.3,4.8,9,4.9
Damien Williams,MIA,NYJ,RB,9,2,2,20,0,0,100,7,10,10,3,4
Kenyan Drake,MIA,NYJ,RB,9,1,1,6,0,0,100,-6,6,6,12,1.6
Jay Ajayi,MIA,SD,RB,10,1,1,1,0,0,100,-5,1,1,6,1.1
Damien Williams,MIA,SD,RB,10,1,1,18,1,1,100,21,18,18,-,8.8
Jay Ajayi,MIA,LA,RB,11,3,3,7,0,0,100,-0.7,2.3,2.3,3,3.7
Damien Williams,MIA,LA,RB,11,1,0,0,0,0,-,18,-,-,-,0
Jay Ajayi,MIA,SF,RB,12,2,1,11,0,0,50,3,11,5.5,7,2.1
Damien Williams,MIA,SF,RB,12,2,2,11,0,0,100,-4,5.5,5.5,9.5,3.1
Kenyan Drake,MIA,SF,RB,12,0,0,0,0,0,-,-,-,-,-,0
Jay Ajayi,MIA,BLT,RB,13,7,6,26,0,0,86,0.1,4.3,3.7,4.5,8.6
Damien Williams,MIA,BLT,RB,13,2,2,8,0,0,100,2,4,4,2,2.8
Kenyan Drake,MIA,BLT,RB,13,1,1,4,0,0,100,3,4,4,1,1.4
Damien Williams,MIA,ARZ,RB,14,3,2,1,1,1,67,3.7,0.5,0.3,1,8.1
Jay Ajayi,MIA,ARZ,RB,14,3,1,15,0,0,33,8.3,15,5,11,2.5
Jay Ajayi,MIA,NYJ,RB,15,0,0,0,0,0,-,-,-,-,-,0
Damien Williams,MIA,NYJ,RB,15,0,0,0,0,0,-,-,-,-,-,0
Kenyan Drake,MIA,NYJ,RB,15,0,0,0,0,0,-,-,-,-,-,0
Damien Williams,MIA,BUF,RB,16,3,2,51,0,0,67,2.3,25.5,17,23,7.1
Jay Ajayi,MIA,BUF,RB,16,1,1,3,0,0,100,-1,3,3,4,1.3
Kenyan Drake,MIA,BUF,RB,16,0,0,0,0,0,-,-,-,-,-,0
Damien Williams,MIA,NE,RB,17,4,3,23,0,0,75,9,7.7,5.8,4,5.3
Jay Ajayi,MIA,NE,RB,17,3,3,20,0,0,100,3,6.7,6.7,3.7,5
Kenyan Drake,MIA,NE,RB,17,0,0,0,0,0,-,-,-,-,-,0
Jerick McKinnon,MIN,TEN,RB,1,2,1,3,0,0,50,-1,3,1.5,2,1.3
Adrian L. Peterson,MIN,TEN,RB,1,1,0,0,0,0,-,-1,-,-,-,0
Matt Asiata,MIN,TEN,RB,1,0,0,0,0,0,-,-,-,-,-,0
Adrian L. Peterson,MIN,GB,RB,2,2,2,7,0,0,100,-1.5,3.5,3.5,5,2.7
Matt Asiata,MIN,GB,RB,2,1,1,11,0,0,100,-2,11,11,13,2.1
Jerick McKinnon,MIN,CAR,RB,3,2,1,2,0,0,50,2,2,1,-,1.2
Matt Asiata,MIN,CAR,RB,3,1,1,4,0,0,100,-4,4,4,8,1.4
Jerick McKinnon,MIN,NYG,RB,4,5,3,10,0,0,60,0.8,3.3,2,2.7,4
Matt Asiata,MIN,NYG,RB,4,2,2,12,0,0,100,-2,6,6,8,3.2
Zach Line,MIN,NYG,RB,4,0,0,0,0,0,-,-,-,-,-,0
Matt Asiata,MIN,HST,RB,5,3,3,46,0,0,100,-0.3,15.3,15.3,15.7,7.6
Jerick McKinnon,MIN,HST,RB,5,2,1,10,0,0,50,2,10,5,8,2
Zach Line,MIN,HST,RB,5,1,0,0,0,0,-,3,-,-,-,0
Matt Asiata,MIN,PHI,RB,7,8,6,25,0,0,75,-0.9,4.2,3.1,4.8,8.5
Zach Line,MIN,PHI,RB,7,0,0,0,0,0,-,-,-,-,-,0
Matt Asiata,MIN,CHI,RB,8,5,2,36,0,0,40,2.8,18,7.2,13.5,5.6
Ronnie Hillman,MIN,CHI,RB,8,3,2,9,0,0,67,-1.3,4.5,3,2.5,2.9
Matt Asiata,MIN,DET,RB,9,2,2,14,0,0,100,3,7,7,4,3.4
Jerick McKinnon,MIN,DET,RB,9,0,0,0,0,0,-,-,-,-,-,0
Jerick McKinnon,MIN,WAS,RB,10,4,3,17,0,0,75,1.3,5.7,4.3,7.7,4.7
Matt Asiata,MIN,WAS,RB,10,1,1,2,0,0,100,-2,2,2,4,1.2
Zach Line,MIN,WAS,RB,10,0,0,0,0,0,-,-,-,-,-,0
Matt Asiata,MIN,ARZ,RB,11,1,1,7,0,0,100,2,7,7,5,1.7
Jerick McKinnon,MIN,ARZ,RB,11,1,1,-3,0,0,100,-6,-3,-3,3,0.7
Matt Asiata,MIN,DET,RB,12,3,3,14,0,0,100,1.3,4.7,4.7,3.3,4.4
Jerick McKinnon,MIN,DET,RB,12,3,3,45,0,0,100,1.3,15,15,13.7,7.5
Zach Line,MIN,DET,RB,12,0,0,0,0,0,-,-,-,-,-,0
Jerick McKinnon,MIN,DAL,RB,13,5,5,14,1,1,100,0.4,2.8,2.8,2.4,12.4
Matt Asiata,MIN,DAL,RB,13,1,1,-3,0,0,100,-6,-3,-3,3,0.7
Jerick McKinnon,MIN,JAX,RB,14,6,6,38,0,0,100,-0.7,6.3,6.3,7,9.8
Matt Asiata,MIN,JAX,RB,14,2,2,14,0,0,100,-2,7,7,9,3.4
Jerick McKinnon,MIN,IND,RB,15,9,9,59,0,0,100,0.7,6.6,6.6,5.9,14.9
Jerick McKinnon,MIN,GB,RB,16,6,5,35,0,0,83,0.5,7,5.8,7,8.5
Matt Asiata,MIN,GB,RB,16,4,3,30,0,0,75,-0.3,10,7.5,9.7,6
Jerick McKinnon,MIN,CHI,RB,17,4,3,21,1,1,75,-3.3,7,5.3,11.7,11.1
Matt Asiata,MIN,CHI,RB,17,3,3,31,0,0,100,0.7,10.3,10.3,9.7,6.1
James White,NE,ARZ,RB,1,5,5,40,0,0,100,-0.8,8,8,8.8,9
LeGarrette Blount,NE,ARZ,RB,1,0,0,0,0,0,-,-,-,-,-,0
Brandon Bolden,NE,ARZ,RB,1,0,0,0,0,0,-,-,-,-,-,0
James White,NE,MIA,RB,2,4,2,10,0,0,50,5.3,5,2.5,10,3
LeGarrette Blount,NE,MIA,RB,2,0,0,0,0,0,-,-,-,-,-,0
LeGarrette Blount,NE,HST,RB,3,0,0,0,0,0,-,-,-,-,-,0
James White,NE,BUF,RB,4,5,5,50,0,0,100,-2.6,10,10,12.6,10
LeGarrette Blount,NE,BUF,RB,4,3,3,4,0,0,100,-2.3,1.3,1.3,3.7,3.4
Brandon Bolden,NE,BUF,RB,4,3,2,15,0,0,67,8,7.5,5,8,3.5
James White,NE,CLV,RB,5,6,4,63,0,0,67,-0.7,15.8,10.5,15,10.3
LeGarrette Blount,NE,CLV,RB,5,0,0,0,0,0,-,-,-,-,-,0
James White,NE,CIN,RB,6,8,8,47,2,1,100,-0.4,5.9,5.9,6.3,24.7
LeGarrette Blount,NE,CIN,RB,6,2,2,20,0,0,100,3,10,10,7,4
James White,NE,PIT,RB,7,3,2,32,1,1,67,2.3,16,10.7,11,11.2
LeGarrette Blount,NE,PIT,RB,7,1,1,7,0,0,100,-5,7,7,12,1.7
Brandon Bolden,NE,PIT,RB,7,1,0,0,0,0,-,4,-,-,-,0
James White,NE,BUF,RB,8,4,2,14,0,0,50,0.8,7,3.5,9,3.4
LeGarrette Blount,NE,BUF,RB,8,0,0,0,0,0,-,-,-,-,-,0
James White,NE,SEA,RB,10,4,4,32,0,0,100,-0.8,8,8,8.8,7.2
LeGarrette Blount,NE,SEA,RB,10,0,0,0,0,0,-,-,-,-,-,0
James White,NE,SF,RB,11,6,6,63,1,1,100,2.8,10.5,10.5,7.7,18.3
Dion Lewis,NE,SF,RB,11,4,3,26,0,0,75,2,8.7,6.5,7,5.6
LeGarrette Blount,NE,SF,RB,11,0,0,0,0,0,-,-,-,-,-,0
James White,NE,NYJ,RB,12,7,4,22,0,0,57,1.1,5.5,3.1,5.5,6.2
Dion Lewis,NE,NYJ,RB,12,6,4,34,0,0,67,7.2,8.5,5.7,5.5,7.4
James Develin,NE,NYJ,RB,12,2,1,5,0,0,50,3.5,5,2.5,3,1.5
LeGarrette Blount,NE,NYJ,RB,12,0,0,0,0,0,-,-,-,-,-,0
Dion Lewis,NE,LA,RB,13,5,4,11,0,0,80,0.4,2.8,2.2,1.3,5.1
James White,NE,LA,RB,13,4,4,18,0,0,100,-0.8,4.5,4.5,5.3,5.8
LeGarrette Blount,NE,LA,RB,13,0,0,0,0,0,-,-,-,-,-,0
James White,NE,BLT,RB,14,3,3,81,0,0,100,3,27,27,24,11.1
LeGarrette Blount,NE,BLT,RB,14,1,1,7,0,0,100,1,7,7,6,1.7
James Develin,NE,BLT,RB,14,1,0,0,0,0,-,2,-,-,-,0
James White,NE,DEN,RB,15,8,3,24,0,0,38,3.1,8,3,4,5.4
Dion Lewis,NE,DEN,RB,15,3,2,9,0,0,67,16.7,4.5,3,1,2.9
James Develin,NE,DEN,RB,15,1,1,13,0,0,100,8,13,13,5,2.3
LeGarrette Blount,NE,DEN,RB,15,0,0,0,0,0,-,-,-,-,-,0
James White,NE,NYJ,RB,16,4,3,32,1,1,75,10.8,10.7,8,2.7,12.2
James Develin,NE,NYJ,RB,16,1,1,0,0,0,100,-,-,-,-,1
Dion Lewis,NE,NYJ,RB,16,1,1,5,0,0,100,-5,5,5,10,1.5
LeGarrette Blount,NE,NYJ,RB,16,0,0,0,0,0,-,-,-,-,-,0
James White,NE,MIA,RB,17,4,4,21,0,0,100,0.3,5.3,5.3,5,6.1
Dion Lewis,NE,MIA,RB,17,2,2,4,0,0,100,-6.5,2,2,8.5,2.4
LeGarrette Blount,NE,MIA,RB,17,0,0,0,0,0,-,-,-,-,-,0
Travaris Cadet,NO,OAK,RB,1,6,3,14,1,1,50,3.8,4.7,2.3,2,10.4
Mark Ingram,NO,OAK,RB,1,2,2,29,0,0,100,-1,14.5,14.5,15.5,4.9
John Kuhn,NO,OAK,RB,1,0,0,0,0,0,-,-,-,-,-,0
Mark Ingram,NO,NYG,RB,2,4,4,17,0,0,100,-0.3,4.3,4.3,4.5,5.7
Travaris Cadet,NO,NYG,RB,2,3,2,17,0,0,67,1,8.5,5.7,9,3.7
John Kuhn,NO,NYG,RB,2,2,2,8,0,0,100,1.5,4,4,2.5,2.8
Mark Ingram,NO,ATL,RB,3,6,4,30,1,1,67,2,7.5,5,6.8,13
Travaris Cadet,NO,ATL,RB,3,6,6,32,0,0,100,3.2,5.3,5.3,2.2,9.2
John Kuhn,NO,ATL,RB,3,0,0,0,0,0,-,-,-,-,-,0
Mark Ingram,NO,SD,RB,4,6,6,49,0,0,100,3.3,8.2,8.2,4.8,10.9
Daniel Lasco,NO,SD,RB,4,2,1,7,0,0,50,1.5,7,3.5,4,1.7
John Kuhn,NO,SD,RB,4,2,2,7,1,1,100,2,3.5,3.5,1.5,8.7
Tim Hightower,NO,SD,RB,4,0,0,0,0,0,-,-,-,-,-,0
Travaris Cadet,NO,CAR,RB,6,4,4,27,0,0,100,0.8,6.8,6.8,6,6.7
Mark Ingram,NO,CAR,RB,6,2,2,9,0,0,100,3,4.5,4.5,1.5,2.9
Daniel Lasco,NO,CAR,RB,6,2,1,4,0,0,50,-1.5,4,2,8,1.4
Mark Ingram,NO,KC,RB,7,4,4,20,1,1,100,-1.3,5,5,6.3,12
Travaris Cadet,NO,KC,RB,7,3,2,7,0,0,67,0.7,3.5,2.3,4,2.7
John Kuhn,NO,SEA,RB,8,3,2,12,0,0,67,2.3,6,4,4,3.2
Tim Hightower,NO,SEA,RB,8,2,1,0,0,0,50,-0.5,-,-,1,1
Travaris Cadet,NO,SEA,RB,8,2,1,7,0,0,50,15,7,3.5,-,1.7
Daniel Lasco,NO,SEA,RB,8,0,0,0,0,0,-,-,-,-,-,0
Mark Ingram,NO,SF,RB,9,2,2,13,1,1,100,1,6.5,6.5,5.5,9.3
John Kuhn,NO,SF,RB,9,2,2,9,0,0,100,0.5,4.5,4.5,4,2.9
Travaris Cadet,NO,SF,RB,9,1,1,4,0,0,100,2,4,4,2,1.4
Tim Hightower,NO,SF,RB,9,1,1,15,0,0,100,-1,15,15,16,2.5
Travaris Cadet,NO,DEN,RB,10,3,2,26,0,0,67,11.7,13,8.7,14.5,4.6
Mark Ingram,NO,DEN,RB,10,2,2,13,0,0,100,2,6.5,6.5,4.5,3.3
Tim Hightower,NO,DEN,RB,10,2,2,34,0,0,100,3.5,17,17,13.5,5.4
Tim Hightower,NO,CAR,RB,11,8,8,57,0,0,100,-2.4,7.1,7.1,9.5,13.7
Mark Ingram,NO,CAR,RB,11,3,3,47,0,0,100,-2,15.7,15.7,17.7,7.7
John Kuhn,NO,CAR,RB,11,2,2,9,0,0,100,3,4.5,4.5,1.5,2.9
Tim Hightower,NO,LA,RB,12,2,2,54,1,1,100,11.5,27,27,15.5,13.4
Mark Ingram,NO,LA,RB,12,1,1,21,1,1,100,-5,21,21,26,9.1
John Kuhn,NO,LA,RB,12,1,1,3,0,0,100,3,3,3,-,1.3
Travaris Cadet,NO,DET,RB,13,5,5,53,0,0,100,-1.6,10.6,10.6,12.2,10.3
Mark Ingram,NO,DET,RB,13,5,5,16,0,0,100,-2.8,3.2,3.2,6,6.6
John Kuhn,NO,DET,RB,13,1,1,11,0,0,100,4,11,11,7,2.1
Travaris Cadet,NO,TB,RB,14,5,4,30,0,0,80,4.2,7.5,6,2.8,7
John Kuhn,NO,TB,RB,14,1,1,3,0,0,100,-5,3,3,8,1.3
Travaris Cadet,NO,ARZ,RB,15,5,5,30,1,1,100,2,6,6,4,14
Mark Ingram,NO,ARZ,RB,15,4,2,14,0,0,50,7.3,7,3.5,10.5,3.4
Tim Hightower,NO,ARZ,RB,15,3,3,11,0,0,100,-1,3.7,3.7,4.7,4.1
John Kuhn,NO,ARZ,RB,15,2,2,1,0,0,100,-3.5,0.5,0.5,4,2.1
Mark Ingram,NO,TB,RB,16,3,2,3,0,0,67,-1,1.5,1,4,2.3
Travaris Cadet,NO,TB,RB,16,2,2,16,1,1,100,5,8,8,3,9.6
John Kuhn,NO,TB,RB,16,1,1,7,0,0,100,6,7,7,1,1.7
Mark Ingram,NO,ATL,RB,17,7,6,29,0,0,86,-1,4.8,4.1,5.7,8.9
Travaris Cadet,NO,ATL,RB,17,5,3,18,1,1,60,7.6,6,3.6,2.7,10.8
Shane Vereen,NYG,DAL,RB,1,5,3,23,0,0,60,-0.4,7.7,4.6,9.3,5.3
Rashad Jennings,NYG,DAL,RB,1,2,1,3,0,0,50,-3.5,3,1.5,6,1.3
Shane Vereen,NYG,NO,RB,2,3,3,24,0,0,100,-1,8,8,9,5.4
Rashad Jennings,NYG,NO,RB,2,2,2,13,0,0,100,2,6.5,6.5,4.5,3.3
Orleans Darkwa,NYG,NO,RB,2,1,1,3,0,0,100,-,3,3,3,1.3
Shane Vereen,NYG,WAS,RB,3,5,2,28,0,0,40,5.6,14,5.6,13.5,4.8
Bobby Rainey,NYG,WAS,RB,3,2,1,24,0,0,50,7,24,12,28,3.4
Orleans Darkwa,NYG,WAS,RB,3,1,1,9,0,0,100,-6,9,9,15,1.9
Bobby Rainey,NYG,MIN,RB,4,7,7,43,0,0,100,-0.4,6.1,6.1,6.6,11.3
Paul Perkins,NYG,MIN,RB,4,3,2,72,0,0,67,5.7,36,24,35.5,9.2
Orleans Darkwa,NYG,MIN,RB,4,2,0,0,0,0,-,-,-,-,-,0
Bobby Rainey,NYG,GB,RB,5,6,6,52,0,0,100,-2.8,8.7,8.7,11.5,11.2
Paul Perkins,NYG,GB,RB,5,1,1,13,0,0,100,-5,13,13,18,2.3
Rashad Jennings,NYG,BLT,RB,6,4,4,20,0,0,100,-2,5,5,7,6
Bobby Rainey,NYG,BLT,RB,6,3,2,16,0,0,67,-0.7,8,5.3,9.5,3.6
Paul Perkins,NYG,BLT,RB,6,2,2,16,0,0,100,2.5,8,8,5.5,3.6
Rashad Jennings,NYG,LA,RB,7,3,2,24,0,0,67,-4.7,12,8,15.5,4.4
Bobby Rainey,NYG,LA,RB,7,1,1,-2,0,0,100,-6,-2,-2,4,0.8
Paul Perkins,NYG,LA,RB,7,1,1,4,0,0,100,-5,4,4,9,1.4
Paul Perkins,NYG,PHI,RB,9,3,3,15,0,0,100,-4.3,5,5,9.3,4.5
Rashad Jennings,NYG,PHI,RB,9,3,3,13,0,0,100,-1,4.3,4.3,5.3,4.3
Rashad Jennings,NYG,CIN,RB,10,6,3,22,0,0,50,-2,7.3,3.7,9,5.2
Paul Perkins,NYG,CIN,RB,10,2,0,0,0,0,-,3,-,-,-,0
Rashad Jennings,NYG,CHI,RB,11,6,5,44,0,0,83,-1.5,8.8,7.3,9.6,9.4
Paul Perkins,NYG,CHI,RB,11,2,2,19,0,0,100,0.5,9.5,9.5,9,3.9
Paul Perkins,NYG,CLV,RB,12,2,2,14,0,0,100,-,7,7,7,3.4
Rashad Jennings,NYG,CLV,RB,12,2,2,10,0,0,100,-4,5,5,6,3
Rashad Jennings,NYG,PIT,RB,13,6,6,34,1,1,100,-2.3,5.7,5.7,8,15.4
Paul Perkins,NYG,PIT,RB,13,0,0,0,0,0,-,-,-,-,-,0
Rashad Jennings,NYG,DAL,RB,14,2,2,12,0,0,100,-3,6,6,9,3.2
Paul Perkins,NYG,DAL,RB,14,1,1,0,0,0,100,-3,-,-,3,1
Paul Perkins,NYG,DET,RB,15,1,0,0,0,0,-,3,-,-,-,0
Rashad Jennings,NYG,DET,RB,15,0,0,0,0,0,-,-,-,-,-,0
Rashad Jennings,NYG,PHI,RB,16,4,4,7,0,0,100,-3.5,1.8,1.8,5.3,4.7
Bobby Rainey,NYG,PHI,RB,16,2,1,13,0,0,50,1,13,6.5,12,2.3
Paul Perkins,NYG,PHI,RB,16,1,1,9,0,0,100,2,9,9,7,1.9
Bobby Rainey,NYG,WAS,RB,17,1,1,3,0,0,100,1,3,3,2,1.3
Paul Perkins,NYG,WAS,RB,17,1,0,0,0,0,-,3,-,-,-,0
Rashad Jennings,NYG,WAS,RB,17,1,1,5,0,0,100,-4,5,5,9,1.5
Matt Forte,NYJ,CIN,RB,1,6,5,59,0,0,83,-1.3,11.8,9.8,13.8,10.9
Bilal Powell,NYJ,CIN,RB,1,2,2,7,0,0,100,0.5,3.5,3.5,3,2.7
Matt Forte,NYJ,BUF,RB,2,2,2,9,0,0,100,-3,4.5,4.5,7.5,2.9
Bilal Powell,NYJ,BUF,RB,2,2,1,1,0,0,50,-3,1,0.5,5,1.1
Bilal Powell,NYJ,KC,RB,3,7,6,41,0,0,86,4.7,6.8,5.9,4.3,10.1
Matt Forte,NYJ,KC,RB,3,3,2,-1,0,0,67,-0.7,-0.5,-0.3,3.5,1.9
Bilal Powell,NYJ,SEA,RB,4,8,6,54,0,0,75,-0.1,9,6.8,9.2,11.4
Matt Forte,NYJ,SEA,RB,4,3,2,16,0,0,67,0.3,8,5.3,9.5,3.6
Bilal Powell,NYJ,PIT,RB,5,7,6,41,0,0,86,-2,6.8,5.9,9,10.1
Matt Forte,NYJ,PIT,RB,5,2,2,7,0,0,100,0.5,3.5,3.5,3,2.7
Bilal Powell,NYJ,ARZ,RB,6,3,3,12,0,0,100,1,4,4,3,4.2
Matt Forte,NYJ,ARZ,RB,6,3,1,3,0,0,33,-1.3,3,1,-,1.3
Matt Forte,NYJ,BLT,RB,7,4,4,54,1,1,100,-0.5,13.5,13.5,14,15.4
Matt Forte,NYJ,CLV,RB,8,2,2,16,0,0,100,-1.5,8,8,9.5,3.6
Bilal Powell,NYJ,CLV,RB,8,2,1,3,0,0,50,-1,3,1.5,2,1.3
Bilal Powell,NYJ,MIA,RB,9,4,4,29,0,0,100,-0.5,7.3,7.3,7.8,6.9
Matt Forte,NYJ,MIA,RB,9,2,1,5,0,0,50,1,5,2.5,7,1.5
Bilal Powell,NYJ,LA,RB,10,7,7,48,0,0,100,1.1,6.9,6.9,5.7,11.8
Matt Forte,NYJ,LA,RB,10,3,2,11,0,0,67,0.7,5.5,3.7,3.5,3.1
Matt Forte,NYJ,NE,RB,12,3,3,23,0,0,100,0.3,7.7,7.7,7.3,5.3
Bilal Powell,NYJ,NE,RB,12,3,1,7,0,0,33,-1.3,7,2.3,7,1.7
Matt Forte,NYJ,IND,RB,13,3,3,54,0,0,100,0.7,18,18,17.3,8.4
Bilal Powell,NYJ,IND,RB,13,1,0,0,0,0,-,3,-,-,-,0
Bilal Powell,NYJ,SF,RB,14,5,5,34,0,0,100,-3.6,6.8,6.8,10.4,8.4
Bilal Powell,NYJ,MIA,RB,15,12,11,78,0,0,92,-2.6,7.1,6.5,9.6,18.8
Bilal Powell,NYJ,NE,RB,16,3,2,14,0,0,67,0.7,7,4.7,6,3.4
Brandon Wilds,NYJ,NE,RB,16,0,0,0,0,0,-,-,-,-,-,0
Khiry Robinson,NYJ,NE,RB,16,0,0,0,0,0,-,-,-,-,-,0
Bilal Powell,NYJ,BUF,RB,17,3,3,15,1,1,100,0.3,5,5,4.7,10.5
Brandon Wilds,NYJ,BUF,RB,17,2,2,20,0,0,100,-2,10,10,12,4
Jalen Richard,OAK,NO,RB,1,2,2,11,0,0,100,4,5.5,5.5,1.5,3.1
Taiwan Jones,OAK,NO,RB,1,2,2,17,0,0,100,-5,8.5,8.5,13.5,3.7
Latavius Murray,OAK,NO,RB,1,1,1,13,0,0,100,2,13,13,11,2.3
Jamize Olawale,OAK,NO,RB,1,0,0,0,0,0,-,-,-,-,-,0
Latavius Murray,OAK,ATL,RB,2,6,6,44,0,0,100,0.8,7.3,7.3,6.5,10.4
Jamize Olawale,OAK,ATL,RB,2,2,2,28,0,0,100,4.5,14,14,9.5,4.8
Jalen Richard,OAK,ATL,RB,2,1,1,10,0,0,100,-3,10,10,13,2
Jalen Richard,OAK,TEN,RB,3,1,1,13,0,0,100,6,13,13,7,2.3
Jamize Olawale,OAK,TEN,RB,3,1,0,0,0,0,-,2,-,-,-,0
Latavius Murray,OAK,TEN,RB,3,1,1,1,0,0,100,1,1,1,-,1.1
Jalen Richard,OAK,BLT,RB,4,3,1,5,0,0,33,2.7,5,1.7,7,1.5
DeAndre Washington,OAK,BLT,RB,4,3,3,16,0,0,100,-1.7,5.3,5.3,7,4.6
Latavius Murray,OAK,BLT,RB,4,2,2,5,0,0,100,1,2.5,2.5,1.5,2.5
Jamize Olawale,OAK,BLT,RB,4,0,0,0,0,0,-,-,-,-,-,0
Jalen Richard,OAK,SD,RB,5,7,6,66,0,0,86,2.7,11,9.4,8.8,12.6
DeAndre Washington,OAK,SD,RB,5,6,5,29,0,0,83,-2.5,5.8,4.8,6.4,7.9
Jamize Olawale,OAK,SD,RB,5,1,1,2,0,0,100,-1,2,2,3,1.2
Jalen Richard,OAK,KC,RB,6,3,2,5,0,0,67,0.7,2.5,1.7,3.5,2.5
DeAndre Washington,OAK,KC,RB,6,1,0,0,0,0,-,13,-,-,-,0
Latavius Murray,OAK,JAX,RB,7,4,2,4,0,0,50,0.5,2,1,3.5,2.4
Jamize Olawale,OAK,JAX,RB,7,0,0,0,0,0,-,-,-,-,-,0
Latavius Murray,OAK,TB,RB,8,6,5,23,0,0,83,-0.5,4.6,3.8,6.8,7.3
Jalen Richard,OAK,TB,RB,8,2,2,3,0,0,100,-0.5,1.5,1.5,2,2.3
Jamize Olawale,OAK,TB,RB,8,2,2,69,0,0,100,7,34.5,34.5,27.5,8.9
DeAndre Washington,OAK,TB,RB,8,0,0,0,0,0,-,-,-,-,-,0
Jalen Richard,OAK,DEN,RB,9,3,2,10,0,0,67,8.3,5,3.3,3.5,3
Latavius Murray,OAK,DEN,RB,9,1,1,13,0,0,100,-2,13,13,15,2.3
Jamize Olawale,OAK,DEN,RB,9,1,0,0,0,0,-,11,-,-,-,0
DeAndre Washington,OAK,DEN,RB,9,1,1,0,0,0,100,-,-,-,-,1
Latavius Murray,OAK,HST,RB,11,5,5,59,0,0,100,0.2,11.8,11.8,11.6,10.9
Jalen Richard,OAK,HST,RB,11,3,3,50,1,1,100,10.3,16.7,16.7,6.3,14
Jamize Olawale,OAK,HST,RB,11,3,3,90,1,1,100,11.3,30,30,18.7,18
Latavius Murray,OAK,CAR,RB,12,4,3,43,0,0,75,-1.8,14.3,10.8,14.7,7.3
Taiwan Jones,OAK,CAR,RB,12,1,1,15,0,0,100,-2,15,15,17,2.5
Jamize Olawale,OAK,CAR,RB,12,1,1,8,0,0,100,-1,8,8,9,1.8
Jalen Richard,OAK,CAR,RB,12,0,0,0,0,0,-,-,-,-,-,0
Latavius Murray,OAK,BUF,RB,13,4,3,23,0,0,75,0.8,7.7,5.8,7.3,5.3
Taiwan Jones,OAK,BUF,RB,13,1,1,11,0,0,100,-6,11,11,17,2.1
Jalen Richard,OAK,BUF,RB,13,0,0,0,0,0,-,-,-,-,-,0
Jalen Richard,OAK,KC,RB,14,4,0,0,0,0,-,6.8,-,-,-,0
Jamize Olawale,OAK,KC,RB,14,1,1,8,0,0,100,3,8,8,5,1.8
Latavius Murray,OAK,KC,RB,14,0,0,0,0,0,-,-,-,-,-,0
Jalen Richard,OAK,SD,RB,15,5,4,13,0,0,80,-0.4,3.3,2.6,4.5,5.3
Latavius Murray,OAK,SD,RB,15,1,1,11,0,0,100,-1,11,11,12,2.1
Jamize Olawale,OAK,SD,RB,15,1,1,12,0,0,100,-1,12,12,13,2.2
Jalen Richard,OAK,IND,RB,16,3,3,13,1,1,100,-1.3,4.3,4.3,5.7,10.3
Latavius Murray,OAK,IND,RB,16,2,2,11,0,0,100,-3,5.5,5.5,8.5,3.1
DeAndre Washington,OAK,IND,RB,16,1,1,18,0,0,100,2,18,18,16,2.8
DeAndre Washington,OAK,DEN,RB,17,2,2,14,0,0,100,-2.5,7,7,9.5,3.4
Jalen Richard,OAK,DEN,RB,17,1,1,-5,0,0,100,-6,-5,-5,1,0.5
Jamize Olawale,OAK,DEN,RB,17,1,1,10,0,0,100,-2,10,10,12,2
Darren Sproles,PHI,CLV,RB,1,4,2,24,0,0,50,-0.5,12,6,18,4.4
Ryan Mathews,PHI,CLV,RB,1,0,0,0,0,0,-,-,-,-,-,0
Darren Sproles,PHI,CHI,RB,2,2,2,8,0,0,100,-2.5,4,4,6.5,2.8
Ryan Mathews,PHI,CHI,RB,2,1,1,3,0,0,100,-1,3,3,4,1.3
Darren Sproles,PHI,PIT,RB,3,6,6,128,1,1,100,1.5,21.3,21.3,19.8,27.8
Wendell Smallwood,PHI,PIT,RB,3,0,0,0,0,0,-,-,-,-,-,0
Ryan Mathews,PHI,DET,RB,5,5,5,33,1,1,100,0.2,6.6,6.6,6.4,14.3
Darren Sproles,PHI,DET,RB,5,4,4,23,0,0,100,0.5,5.8,5.8,5.3,6.3
Wendell Smallwood,PHI,WAS,RB,6,2,1,14,0,0,50,-4.5,14,7,19,2.4
Darren Sproles,PHI,WAS,RB,6,1,1,4,0,0,100,3,4,4,1,1.4
Darren Sproles,PHI,MIN,RB,7,3,2,23,0,0,67,2.3,11.5,7.7,10,4.3
Ryan Mathews,PHI,MIN,RB,7,1,1,27,0,0,100,2,27,27,25,3.7
Darren Sproles,PHI,DAL,RB,8,6,5,17,0,0,83,-1.5,3.4,2.8,4.6,6.7
Wendell Smallwood,PHI,DAL,RB,8,0,0,0,0,0,-,-,-,-,-,0
Darren Sproles,PHI,NYG,RB,9,5,3,14,0,0,60,1.6,4.7,2.8,3.7,4.4
Wendell Smallwood,PHI,NYG,RB,9,0,0,0,0,0,-,-,-,-,-,0
Kenjon Barner,PHI,NYG,RB,9,0,0,0,0,0,-,-,-,-,-,0
Darren Sproles,PHI,ATL,RB,10,10,8,57,0,0,80,2.4,7.1,5.7,4.4,13.7
Ryan Mathews,PHI,ATL,RB,10,2,2,30,0,0,100,1.5,15,15,13.5,5
Wendell Smallwood,PHI,ATL,RB,10,1,0,0,0,0,-,5,-,-,-,0
Wendell Smallwood,PHI,SEA,RB,11,4,4,31,0,0,100,1.8,7.8,7.8,6,7.1
Kenjon Barner,PHI,SEA,RB,11,1,0,0,0,0,-,1,-,-,-,0
Darren Sproles,PHI,GB,RB,12,6,5,48,0,0,83,-1.2,9.6,8,11,9.8
Wendell Smallwood,PHI,GB,RB,12,1,1,10,0,0,100,2,10,10,8,2
Darren Sproles,PHI,CIN,RB,13,6,6,35,0,0,100,0.2,5.8,5.8,5.7,9.5
Wendell Smallwood,PHI,CIN,RB,13,3,0,0,0,0,-,3,-,-,-,0
Kenjon Barner,PHI,CIN,RB,13,2,1,2,0,0,50,0.5,2,1,3,1.2
Darren Sproles,PHI,WAS,RB,14,2,2,13,1,1,100,8,6.5,6.5,3,9.3
Ryan Mathews,PHI,WAS,RB,14,1,0,0,0,0,-,1,-,-,-,0
Kenjon Barner,PHI,BLT,RB,15,3,2,25,0,0,67,-4,12.5,8.3,20,4.5
Byron Marshall,PHI,BLT,RB,15,2,2,6,0,0,100,-4,3,3,7,2.6
Ryan Mathews,PHI,BLT,RB,15,1,1,5,0,0,100,-6,5,5,11,1.5
Darren Sproles,PHI,NYG,RB,16,2,2,23,0,0,100,-5,11.5,11.5,16.5,4.3
Ryan Mathews,PHI,NYG,RB,16,1,1,16,0,0,100,4,16,16,12,2.6
Darren Sproles,PHI,DAL,RB,17,5,3,4,0,0,60,-1,1.3,0.8,5.3,3.4
Byron Marshall,PHI,DAL,RB,17,2,1,4,0,0,50,5,4,2,-,1.4
Terrell Watson,PHI,DAL,RB,17,1,1,5,0,0,100,5,5,5,-,1.5
DeAngelo Williams,PIT,WAS,RB,1,9,6,28,0,0,67,-1.2,4.7,3.1,6,8.8
DeAngelo Williams,PIT,CIN,RB,2,5,4,38,1,1,80,3.6,9.5,7.6,7,13.8
Fitzgerald Toussaint,PIT,CIN,RB,2,1,1,9,0,0,100,-3,9,9,12,1.9
DeAngelo Williams,PIT,PHI,RB,3,7,4,23,0,0,57,0.7,5.8,3.3,5.5,6.3
Le'Veon Bell,PIT,KC,RB,4,6,5,34,0,0,83,0.2,6.8,5.7,7.6,8.4
DeAngelo Williams,PIT,KC,RB,4,1,1,2,0,0,100,2,2,2,-,1.2
Le'Veon Bell,PIT,NYJ,RB,5,11,9,88,0,0,82,0.4,9.8,8,10.9,17.8
Le'Veon Bell,PIT,MIA,RB,6,6,6,55,0,0,100,-2.5,9.2,9.2,11.7,11.5
Le'Veon Bell,PIT,NE,RB,7,13,10,68,0,0,77,0.5,6.8,5.2,8.2,16.8
Le'Veon Bell,PIT,BLT,RB,9,8,6,38,0,0,75,-1.3,6.3,4.8,7.7,9.8
Le'Veon Bell,PIT,DAL,RB,10,10,9,77,1,1,90,0.5,8.6,7.7,9.6,22.7
Le'Veon Bell,PIT,CLV,RB,11,9,8,55,0,0,89,-1,6.9,6.1,7.6,13.5
Le'Veon Bell,PIT,IND,RB,12,4,4,22,0,0,100,3.8,5.5,5.5,1.8,6.2
Fitzgerald Toussaint,PIT,IND,RB,12,0,0,0,0,0,-,-,-,-,-,0
Le'Veon Bell,PIT,NYG,RB,13,7,6,64,0,0,86,-2.4,10.7,9.1,12.8,12.4
Le'Veon Bell,PIT,BUF,RB,14,4,4,62,0,0,100,1.3,15.5,15.5,14.3,10.2
Fitzgerald Toussaint,PIT,BUF,RB,14,0,0,0,0,0,-,-,-,-,-,0
Le'Veon Bell,PIT,CIN,RB,15,7,5,38,0,0,71,-1.3,7.6,5.4,8.2,8.8
Le'Veon Bell,PIT,BLT,RB,16,4,3,15,1,1,75,4.8,5,3.8,5.7,10.5
DeAngelo Williams,PIT,CLV,RB,17,4,3,27,1,1,75,-2,9,6.8,11.7,11.7
Roosevelt Nix,PIT,CLV,RB,17,2,2,5,0,0,100,-1,2.5,2.5,3.5,2.5
Fitzgerald Toussaint,PIT,CLV,RB,17,2,2,24,0,0,100,-4,12,12,16,4.4
Danny Woodhead,SD,KC,RB,1,5,5,31,1,1,100,1.2,6.2,6.2,6.6,14.1
Melvin Gordon,SD,KC,RB,1,0,0,0,0,0,-,-,-,-,-,0
Melvin Gordon,SD,JAX,RB,2,3,3,18,0,0,100,0.7,6,6,5.3,4.8
Melvin Gordon,SD,IND,RB,3,7,4,43,0,0,57,0.4,10.8,6.1,12.3,8.3
Derek Watt,SD,IND,RB,3,1,1,6,0,0,100,5,6,6,1,1.6
Melvin Gordon,SD,NO,RB,4,6,6,43,0,0,100,1.8,7.2,7.2,5.3,10.3
Dexter McCluster,SD,NO,RB,4,3,2,9,0,0,67,-4.7,4.5,3,9.5,2.9
Melvin Gordon,SD,OAK,RB,5,1,1,18,1,1,100,-3,18,18,21,8.8
Derek Watt,SD,OAK,RB,5,0,0,0,0,0,-,-,-,-,-,0
Melvin Gordon,SD,DEN,RB,6,1,0,0,0,0,-,2,-,-,-,0
Derek Watt,SD,DEN,RB,6,1,1,8,0,0,100,-,8,8,8,1.8
Melvin Gordon,SD,ATL,RB,7,7,6,53,1,1,86,1.7,8.8,7.6,6.2,17.3
Melvin Gordon,SD,DEN,RB,8,7,4,44,0,0,57,0.6,11,6.3,10,8.4
Derek Watt,SD,DEN,RB,8,1,1,53,0,0,100,10,53,53,43,6.3
Melvin Gordon,SD,TEN,RB,9,4,4,65,0,0,100,-4,16.3,16.3,20.3,10.5
Melvin Gordon,SD,MIA,RB,10,7,5,62,0,0,71,1.6,12.4,8.9,12.8,11.2
Melvin Gordon,SD,HST,RB,12,4,4,19,0,0,100,-1.5,4.8,4.8,6.3,5.9
Melvin Gordon,SD,TB,RB,13,6,4,54,0,0,67,0.7,13.5,9,13.8,9.4
Derek Watt,SD,TB,RB,13,0,0,0,0,0,-,-,-,-,-,0
Kenneth Farrow,SD,CAR,RB,14,6,6,23,0,0,100,-,3.8,3.8,3.8,8.3
Kenneth Farrow,SD,OAK,RB,15,2,2,14,0,0,100,-3,7,7,10,3.4
Kenneth Farrow,SD,CLV,RB,16,4,4,29,0,0,100,-2.8,7.3,7.3,10,6.9
Ronnie Hillman,SD,CLV,RB,16,2,0,-1,0,0,-,-5.5,-,-0.5,-,-0.1
Derek Watt,SD,CLV,RB,16,1,1,16,0,0,100,6,16,16,10,2.6
Ronnie Hillman,SD,KC,RB,17,4,3,50,0,0,75,-1,16.7,12.5,19.7,8
Andre Williams,SD,KC,RB,17,2,0,0,0,0,-,-0.5,-,-,-,0
Christine Michael,SEA,MIA,RB,1,4,2,5,0,0,50,-,2.5,1.3,2,2.5
Thomas Rawls,SEA,MIA,RB,1,3,3,26,0,0,100,0.7,8.7,8.7,8,5.6
Christine Michael,SEA,LA,RB,2,3,3,26,0,0,100,1.7,8.7,8.7,7,5.6
Christine Michael,SEA,SF,RB,3,3,2,5,0,0,67,1,2.5,1.7,3.5,2.5
Christine Michael,SEA,NYJ,RB,4,6,5,32,1,1,83,4,6.4,5.3,4.8,14.2
C.J. Spiller,SEA,ATL,RB,6,6,3,38,0,0,50,4,12.7,6.3,6.7,6.8
Christine Michael,SEA,ATL,RB,6,3,3,19,0,0,100,-3.3,6.3,6.3,9.7,4.9
Christine Michael,SEA,ARZ,RB,7,3,3,3,0,0,100,-3.7,1,1,4.7,3.3
C.J. Prosise,SEA,NO,RB,8,4,4,80,0,0,100,10,20,20,10,12
Christine Michael,SEA,NO,RB,8,2,1,2,0,0,50,-,2,1,5,1.2
C.J. Prosise,SEA,BUF,RB,9,1,1,6,0,0,100,-,6,6,6,1.6
C.J. Prosise,SEA,NE,RB,10,7,7,87,0,0,100,4.9,12.4,12.4,7.6,15.7
Thomas Rawls,SEA,PHI,RB,11,4,3,31,0,0,75,0.3,10.3,7.8,8.7,6.1
Will Tukuafu,SEA,PHI,RB,11,0,0,0,0,0,-,-,-,-,-,0
George Farmer,SEA,TB,RB,12,2,1,4,0,0,50,-1,4,2,6,1.4
Thomas Rawls,SEA,TB,RB,12,1,0,0,0,0,-,-3,-,-,-,0
Thomas Rawls,SEA,CAR,RB,13,1,1,12,0,0,100,-3,12,12,15,2.2
Troymaine Pope,SEA,CAR,RB,13,1,1,5,0,0,100,4,5,5,1,1.5
Alex Collins,SEA,GB,RB,14,3,3,33,0,0,100,1,11,11,10,6.3
Thomas Rawls,SEA,GB,RB,14,2,1,7,0,0,50,2,7,3.5,3,1.7
Thomas Rawls,SEA,LA,RB,15,2,2,5,0,0,100,-0.5,2.5,2.5,3,2.5
Alex Collins,SEA,ARZ,RB,16,4,4,19,0,0,100,1.3,4.8,4.8,3.5,5.9
Thomas Rawls,SEA,ARZ,RB,16,1,0,0,0,0,-,-1,-,-,-,0
Marcel Reece,SEA,SF,RB,17,2,2,25,0,0,100,0.5,12.5,12.5,12,4.5
Alex Collins,SEA,SF,RB,17,1,1,4,0,0,100,-3,4,4,7,1.4
Thomas Rawls,SEA,SF,RB,17,0,0,0,0,0,-,-,-,-,-,0
Carlos Hyde,SF,LA,RB,1,3,2,5,0,0,67,-1,2.5,1.7,7,2.5
Shaun Draughn,SF,LA,RB,1,2,2,18,0,0,100,3,9,9,6,3.8
Carlos Hyde,SF,CAR,RB,2,3,3,17,0,0,100,1.7,5.7,5.7,4.3,4.7
Shaun Draughn,SF,CAR,RB,2,1,0,0,0,0,-,1,-,-,-,0
Michael Davis,SF,CAR,RB,2,1,1,10,0,0,100,4,10,10,6,2
Shaun Draughn,SF,SEA,RB,3,2,1,2,0,0,50,-2,2,1,-,1.2
Carlos Hyde,SF,SEA,RB,3,1,1,2,0,0,100,-3,2,2,5,1.2
Shaun Draughn,SF,DAL,RB,4,1,1,3,0,0,100,2,3,3,1,1.3
Carlos Hyde,SF,DAL,RB,4,1,1,5,0,0,100,5,5,5,-,1.5
Carlos Hyde,SF,ARZ,RB,5,6,6,36,0,0,100,1.2,6,6,4.8,9.6
Shaun Draughn,SF,ARZ,RB,5,0,0,0,0,0,-,-,-,-,-,0
Michael Davis,SF,BUF,RB,6,3,1,6,0,0,33,1.3,6,2,5,1.6
Shaun Draughn,SF,BUF,RB,6,1,0,0,0,0,-,19,-,-,-,0
Carlos Hyde,SF,BUF,RB,6,0,0,0,0,0,-,-,-,-,-,0
Shaun Draughn,SF,TB,RB,7,6,5,37,1,1,83,5.2,7.4,6.2,2,14.7
DuJuan Harris,SF,TB,RB,7,2,2,18,0,0,100,-1,9,9,10,3.8
Michael Davis,SF,TB,RB,7,0,0,0,0,0,-,-,-,-,-,0
DuJuan Harris,SF,NO,RB,9,6,5,83,1,1,83,-0.7,16.6,13.8,17.8,19.3
Carlos Hyde,SF,ARZ,RB,10,1,0,0,0,0,-,18,-,-,-,0
DuJuan Harris,SF,ARZ,RB,10,0,0,0,0,0,-,-,-,-,-,0
Shaun Draughn,SF,NE,RB,11,3,3,43,1,1,100,10.3,14.3,14.3,4,13.3
Carlos Hyde,SF,NE,RB,11,3,3,24,0,0,100,1.7,8,8,6.3,5.4
DuJuan Harris,SF,NE,RB,11,0,0,0,0,0,-,-,-,-,-,0
Shaun Draughn,SF,MIA,RB,12,6,6,49,0,0,100,0.7,8.2,8.2,7.5,10.9
Carlos Hyde,SF,MIA,RB,12,5,5,30,1,1,100,-0.2,6,6,6.2,14
DuJuan Harris,SF,MIA,RB,12,0,0,0,0,0,-,-,-,-,-,0
Carlos Hyde,SF,CHI,RB,13,2,1,6,0,0,50,11,6,3,3,1.6
Shaun Draughn,SF,CHI,RB,13,1,0,0,0,0,-,29,-,-,-,0
Shaun Draughn,SF,NYJ,RB,14,1,1,-5,0,0,100,-5,-5,-5,-,0.5
Carlos Hyde,SF,NYJ,RB,14,1,1,7,1,1,100,1,7,7,6,7.7
Carlos Hyde,SF,ATL,RB,15,3,1,6,0,0,33,7,6,2,3,1.6
Shaun Draughn,SF,ATL,RB,15,0,0,0,0,0,-,-,-,-,-,0
Shaun Draughn,SF,LA,RB,16,7,6,48,0,0,86,-0.1,8,6.9,8.5,10.8
Carlos Hyde,SF,LA,RB,16,3,3,24,1,1,100,-0.7,8,8,8.7,11.4
Shaun Draughn,SF,SEA,RB,17,6,4,68,0,0,67,4.3,17,11.3,14.8,10.8
Raheem Mostert,SF,SEA,RB,17,0,0,0,0,0,-,-,-,-,-,0
Doug Martin,TB,ATL,RB,1,5,5,34,0,0,100,2,6.8,6.8,4.8,8.4
Charles Sims,TB,ATL,RB,1,3,3,32,1,1,100,0.7,10.7,10.7,10,12.2
Charles Sims,TB,ARZ,RB,2,4,3,4,0,0,75,-1.3,1.3,1,2.3,3.4
Jacquizz Rodgers,TB,ARZ,RB,2,1,0,0,0,0,-,-2,-,-,-,0
Charles Sims,TB,LA,RB,3,8,6,69,0,0,75,1,11.5,8.6,10.7,12.9
Jacquizz Rodgers,TB,LA,RB,3,1,1,8,0,0,100,2,8,8,6,1.8
Charles Sims,TB,DEN,RB,4,2,2,7,0,0,100,-,3.5,3.5,3.5,2.7
Jacquizz Rodgers,TB,DEN,RB,4,1,1,4,0,0,100,3,4,4,1,1.4
Jacquizz Rodgers,TB,CAR,RB,5,6,5,28,0,0,83,-0.5,5.6,4.7,6,7.8
Jacquizz Rodgers,TB,SF,RB,7,1,1,9,0,0,100,-4,9,9,13,1.9
Peyton Barber,TB,SF,RB,7,0,0,0,0,0,-,-,-,-,-,0
Antone Smith,TB,OAK,RB,8,2,1,9,0,0,50,-1,9,4.5,14,1.9
Jacquizz Rodgers,TB,OAK,RB,8,1,1,9,0,0,100,-,9,9,9,1.9
Peyton Barber,TB,OAK,RB,8,0,0,0,0,0,-,-,-,-,-,0
Peyton Barber,TB,ATL,RB,9,5,4,24,0,0,80,3.8,6,4.8,2.5,6.4
Antone Smith,TB,ATL,RB,9,4,3,27,0,0,75,8.8,9,6.8,9,5.7
Mike James,TB,ATL,RB,9,3,3,17,0,0,100,2.7,5.7,5.7,3,4.7
Doug Martin,TB,CHI,RB,10,2,1,13,0,0,50,5,13,6.5,7,2.3
Mike James,TB,CHI,RB,10,1,1,5,0,0,100,-,5,5,5,1.5
Peyton Barber,TB,CHI,RB,10,0,0,0,0,0,-,-,-,-,-,0
Doug Martin,TB,KC,RB,11,4,3,42,0,0,75,-4,14,10.5,18.3,7.2
Doug Martin,TB,SEA,RB,12,2,2,13,0,0,100,1.5,6.5,6.5,-,3.3
Jacquizz Rodgers,TB,SD,RB,13,1,1,21,0,0,100,-3,21,21,24,3.1
Doug Martin,TB,SD,RB,13,1,1,23,0,0,100,8,23,23,15,3.3
Peyton Barber,TB,SD,RB,13,0,0,0,0,0,-,-,-,-,-,0
Doug Martin,TB,NO,RB,14,2,2,19,0,0,100,6.5,9.5,9.5,3,3.9
Charles Sims,TB,DAL,RB,15,4,3,15,0,0,75,2.3,5,3.8,7.7,4.5
Doug Martin,TB,DAL,RB,15,0,0,0,0,0,-,-,-,-,-,0
Charles Sims,TB,NO,RB,16,4,4,30,0,0,100,0.8,7.5,7.5,6.8,7
Jacquizz Rodgers,TB,NO,RB,16,2,2,15,0,0,100,3,7.5,7.5,4.5,3.5
Jacquizz Rodgers,TB,CAR,RB,17,1,1,4,0,0,100,3,4,4,1,1.4
Peyton Barber,TB,CAR,RB,17,0,0,0,0,0,-,-,-,-,-,0
DeMarco Murray,TEN,MIN,RB,1,5,5,35,2,1,100,2.6,7,7,4.4,20.5
Derrick Henry,TEN,MIN,RB,1,2,2,41,0,0,100,-,20.5,20.5,20.5,6.1
DeMarco Murray,TEN,DET,RB,2,7,7,56,0,0,100,1.7,8,8,6.3,12.6
Derrick Henry,TEN,DET,RB,2,1,1,9,0,0,100,1,9,9,8,1.9
DeMarco Murray,TEN,OAK,RB,3,5,5,41,0,0,100,0.6,8.2,8.2,7.6,9.1
Derrick Henry,TEN,OAK,RB,3,0,0,0,0,0,-,-,-,-,-,0
DeMarco Murray,TEN,HST,RB,4,2,2,24,0,0,100,1.5,12,12,10.5,4.4
DeMarco Murray,TEN,MIA,RB,5,6,5,16,0,0,83,-1.8,3.2,2.7,5.6,6.6
Derrick Henry,TEN,MIA,RB,5,0,0,0,0,0,-,-,-,-,-,0
DeMarco Murray,TEN,CLV,RB,6,2,0,0,0,0,-,-1.5,-,-,-,0
DeMarco Murray,TEN,IND,RB,7,5,3,20,0,0,60,-0.8,6.7,4,7.7,5
Derrick Henry,TEN,JAX,RB,8,4,4,37,0,0,100,-0.5,9.3,9.3,9.8,7.7
DeMarco Murray,TEN,JAX,RB,8,2,1,5,0,0,50,4.5,5,2.5,10,1.5
DeMarco Murray,TEN,SD,RB,9,7,7,29,0,0,100,-0.4,4.1,4.1,4.6,9.9
Antonio Andrews,TEN,SD,RB,9,0,0,0,0,0,-,-,-,-,-,0
DeMarco Murray,TEN,GB,RB,10,3,2,33,0,0,67,0.7,16.5,11,15.5,5.3
Derrick Henry,TEN,GB,RB,10,0,0,0,0,0,-,-,-,-,-,0
DeMarco Murray,TEN,IND,RB,11,3,3,9,1,1,100,0.7,3,3,3.3,9.9
DeMarco Murray,TEN,CHI,RB,12,5,5,41,0,0,100,0.2,8.2,8.2,8,9.1
Derrick Henry,TEN,DEN,RB,14,1,1,5,0,0,100,-1,5,5,6,1.5
DeMarco Murray,TEN,DEN,RB,14,1,0,0,0,0,-,1,-,-,-,0
DeMarco Murray,TEN,KC,RB,15,6,5,52,0,0,83,-0.2,10.4,8.7,10.2,10.2
Jalston Fowler,TEN,KC,RB,15,0,0,0,0,0,-,-,-,-,-,0
DeMarco Murray,TEN,JAX,RB,16,4,2,18,0,0,50,2,9,4.5,5.5,3.8
DeMarco Murray,TEN,HST,RB,17,1,1,-2,0,0,100,-5,-2,-2,3,0.8
Derrick Henry,TEN,HST,RB,17,1,1,3,0,0,100,-,3,3,3,1.3
Chris Thompson,WAS,PIT,RB,1,2,2,16,0,0,100,5,8,8,3,3.6
Matthew Jones,WAS,PIT,RB,1,1,1,9,0,0,100,3,9,9,6,1.9
Chris Thompson,WAS,DAL,RB,2,4,3,57,0,0,75,4.5,19,14.3,14,8.7
Matthew Jones,WAS,DAL,RB,2,1,1,4,0,0,100,4,4,4,-,1.4
Chris Thompson,WAS,NYG,RB,3,2,1,-7,0,0,50,-2,-7,-3.5,-,0.3
Matthew Jones,WAS,NYG,RB,3,2,2,14,0,0,100,-,7,7,7,3.4
Chris Thompson,WAS,CLV,RB,4,3,2,16,1,1,67,1,8,5.3,4.5,9.6
Matthew Jones,WAS,CLV,RB,4,2,2,21,0,0,100,1.5,10.5,10.5,9,4.1
Chris Thompson,WAS,BLT,RB,5,4,4,33,0,0,100,2.5,8.3,8.3,5.8,7.3
Matthew Jones,WAS,BLT,RB,5,2,2,25,0,0,100,3.5,12.5,12.5,9,4.5
Chris Thompson,WAS,PHI,RB,6,3,3,29,0,0,100,0.3,9.7,9.7,9.3,5.9
Rob Kelley,WAS,PHI,RB,6,0,0,0,0,0,-,-,-,-,-,0
Matthew Jones,WAS,PHI,RB,6,0,0,0,0,0,-,-,-,-,-,0
Chris Thompson,WAS,DET,RB,7,7,7,40,0,0,100,2.3,5.7,5.7,3.4,11
Matthew Jones,WAS,DET,RB,7,0,0,0,0,0,-,-,-,-,-,0
Chris Thompson,WAS,CIN,RB,8,5,5,27,0,0,100,2.2,5.4,5.4,3.2,7.7
Rob Kelley,WAS,CIN,RB,8,2,0,0,0,0,-,2,-,-,-,0
Chris Thompson,WAS,MIN,RB,10,3,3,11,0,0,100,0.7,3.7,3.7,3,4.1
Rob Kelley,WAS,MIN,RB,10,1,1,-2,0,0,100,-3,-2,-2,1,0.8
Rob Kelley,WAS,GB,RB,11,2,0,0,0,0,-,0.5,-,-,-,0
Chris Thompson,WAS,GB,RB,11,2,1,9,0,0,50,3,9,4.5,7,1.9
Chris Thompson,WAS,DAL,RB,12,6,5,17,0,0,83,0.2,3.4,2.8,2,6.7
Rob Kelley,WAS,DAL,RB,12,2,2,5,0,0,100,-,2.5,2.5,2.5,2.5
Chris Thompson,WAS,ARZ,RB,13,2,1,21,0,0,50,1,21,10.5,21,3.1
Rob Kelley,WAS,ARZ,RB,13,0,0,0,0,0,-,-,-,-,-,0
Rob Kelley,WAS,PHI,RB,14,2,2,25,0,0,100,2,12.5,12.5,10.5,4.5
Chris Thompson,WAS,PHI,RB,14,0,0,0,0,0,-,-,-,-,-,0
Chris Thompson,WAS,CAR,RB,15,7,5,26,0,0,71,3,5.2,3.7,2.8,7.6
Rob Kelley,WAS,CAR,RB,15,4,4,47,0,0,100,0.8,11.8,11.8,11,8.7
Rob Kelley,WAS,CHI,RB,16,3,2,6,0,0,67,1.3,3,2,2,2.6
Mack Brown,WAS,CHI,RB,16,1,1,-2,0,0,100,-3,-2,-2,1,0.8
Chris Thompson,WAS,CHI,RB,16,1,1,17,1,1,100,-3,17,17,20,8.7
Chris Thompson,WAS,NYG,RB,17,8,6,37,0,0,75,1.6,6.2,4.6,3.8,9.7
Rob Kelley,WAS,NYG,RB,17,0,0,0,0,0,-,-,-,-,-,0
